source_page,source_id,surcharge_code,surcharge_amount_ngn,city_name,centre,area_type
1,1,524,850,AHIABA OKPUALA,ABA,E
1,2,524,850,AHIABA UBI,ABA,E
1,3,524,850,AMACHARA,ABA,E
1,4,524,850,AMACHI NSULU,ABA,E
1,5,524,850,AMAKAMA,ABA,E
1,6,524,850,AMAORJI,ABA,E
1,7,524,850,AMEKE-IBEKU,ABA,E
1,8,524,850,ASA OKPUAJA,ABA,E
1,9,524,850,AZUMINI,ABA,E
1,10,524,850,EHUME,ABA,E
1,11,524,850,EKENOBIZI,ABA,E
1,12,524,850,EKWEREASU NGWA,ABA,E
1,13,524,850,ESIAMA NTIGHA,ABA,E
1,14,524,850,IHIE NGWA UKWU,ABA,E
1,15,524,850,IHIE UMUDURU,ABA,E
1,16,524,850,IHIEORJI,ABA,E
1,17,524,850,IKWUORIE OHANKU,ABA,E
1,18,524,850,IMO RIVER,ABA,E
1,19,524,850,ISIALA NGWA NORTH,ABA,E
1,20,524,850,ISIALA NGWA SOUTH,ABA,E
1,21,524,850,ITUKPA,ABA,E
1,22,524,850,ITU-NGWA,ABA,E
1,23,524,850,MBAWUSI,ABA,E
1,24,524,850,MBUTU NGWA,ABA,E
1,25,524,850,NDIKATA,ABA,E
1,26,524,850,NDIOLUMBE,ABA,E
1,27,524,850,NENU,ABA,E
1,28,524,850,NGBOKO HALT,ABA,E
1,29,524,850,NSIRIMO,ABA,E
1,30,524,850,NSULU,ABA,E
1,31,524,850,OBEHIE,ABA,E
1,32,524,850,OBERETE,ABA,E
1,33,524,850,OBETE NCHINA,ABA,E
1,34,524,850,OBINGWA,ABA,E
1,35,524,850,OBUOHIA NDOKI,ABA,E
1,36,524,850,OFEKE NDUME,ABA,E
1,37,524,850,OGWE,ABA,E
1,38,524,850,OHAMBELE,ABA,E
1,39,524,850,OHANKU,ABA,E
1,40,524,850,OHUHU EKWURU,ABA,E
1,41,524,850,OLOKORO,ABA,E
1,42,524,850,OMOBA,ABA,E
1,43,524,850,OSUSU NGWA UKWU,ABA,E
1,44,524,850,OWASA,ABA,E
1,45,524,850,OWERRIENTA,ABA,E
1,46,524,850,UBAKALA,ABA,E
2,47,524,850,UKWA EAST L.G.,ABA,E
2,48,524,850,UKWA WEST L.G.,ABA,E
2,49,524,850,UMUARO,ABA,E
2,50,524,850,UMUDA,ABA,E
2,51,524,850,UMUDIKE,ABA,E
2,52,524,850,UMUIRE,ABA,E
2,53,524,850,UMUOBIALA,ABA,E
2,54,524,850,UMUOSU,ABA,E
2,55,524,850,URATTA UMUOHA,ABA,E
2,56,629,1700,ABALA IBEME,ABA,R
2,57,629,1700,ABIRIBA,ABA,R
2,58,629,1700,AHABA,ABA,R
2,59,629,1700,AKANU ITEM,ABA,R
2,60,629,1700,AKOLI,ABA,R
2,61,629,1700,AKWETE,ABA,R
2,62,629,1700,ALAYI,ABA,R
2,63,629,1700,AMAAKE-ITEM,ABA,R
2,64,629,1700,AMABA,ABA,R
2,65,629,1700,AMAEKE ABAM,ABA,R
2,66,629,1700,AMAEKPU,ABA,R
2,67,629,1700,AMANGWU,ABA,R
2,68,629,1700,AMANKALU,ABA,R
2,69,629,1700,AMAOGUDU,ABA,R
2,70,629,1700,AMAPU NTIGHA,ABA,R
2,71,629,1700,AMAWOM,ABA,R
2,72,629,1700,AMURU ABAM,ABA,R
2,73,629,1700,ANIA,ABA,R
2,74,629,1700,ARIAM,ABA,R
2,75,629,1700,AROCHUKWU,ABA,R
2,76,629,1700,ASA NNENTU,ABA,R
2,77,629,1700,ASAGA,ABA,R
2,78,629,1700,ASIYI OLOKO,ABA,R
2,79,629,1700,AWOMUKWU,ABA,R
2,80,629,1700,BENDE,ABA,R
2,81,629,1700,EBEM,ABA,R
2,82,629,1700,EBERI OMUMA,ABA,R
2,83,629,1700,IBERE,ABA,R
2,84,629,1700,IBOM,ABA,R
2,85,629,1700,IDIMA ABAM,ABA,R
2,86,629,1700,IGBERE,ABA,R
2,87,629,1700,IHECHIOWA,ABA,R
2,88,629,1700,IHEORJI,ABA,R
2,89,629,1700,ISIUGWU,ABA,R
2,90,629,1700,ISIUKUATO,ABA,R
2,91,629,1700,ITEM,ABA,R
2,92,629,1700,ITUBUZO,ABA,R
2,93,629,1700,NBIENKU,ABA,R
3,94,629,1700,NDI OJI ABAM,ABA,R
3,95,629,1700,NDI TOTTY,ABA,R
3,96,629,1700,NDI UDUMA AWOKO,ABA,R
3,97,629,1700,NDIWO ITUMBAUZO,ABA,R
3,98,629,1700,NKPA,ABA,R
3,99,629,1700,NKPORO,ABA,R
3,100,629,1700,NKWEBI,ABA,R
3,101,629,1700,NKWOEGWU-OKAIUGA,ABA,R
3,102,629,1700,NNONO,ABA,R
3,103,629,1700,NUNYA,ABA,R
3,104,629,1700,OBI NGWA,ABA,R
3,105,629,1700,OBIENE,ABA,R
3,106,629,1700,OBINKITA,ABA,R
3,107,629,1700,OBORO,ABA,R
3,108,629,1700,OBUAHIA IBERE,ABA,R
3,109,629,1700,OHAFIA,ABA,R
3,110,629,1700,OHIYA,ABA,R
3,111,629,1700,OKAM,ABA,R
3,112,629,1700,OKPUALA NGWA,ABA,R
3,113,629,1700,OLOKO,ABA,R
3,114,629,1700,OTAMKPA,ABA,R
3,115,629,1700,OVIM,ABA,R
3,116,629,1700,OWAZA,ABA,R
3,117,629,1700,OZUABAM,ABA,R
3,118,629,1700,OZUITEM,ABA,R
3,119,629,1700,Uburu-Ohaozara,ABA,R
3,120,629,1700,UGWUEKE,ABA,R
3,121,629,1700,UGWUNAGBO,ABA,R
3,122,629,1700,UMIOBORO,ABA,R
3,123,629,1700,UMUHU ESECHI,ABA,R
3,124,629,1700,UMUNWANWA,ABA,R
3,125,629,1700,UTUTU,ABA,R
3,126,629,1700,UZIOMA NNEATO,ABA,R
3,127,629,1700,UZUAKOLI,ABA,R
3,128,524,850,ABEKOKO,ABEOKUTA,E
3,129,524,850,ABIGI,ABEOKUTA,E
3,130,524,850,ABOSULE,ABEOKUTA,E
3,131,524,850,ADO ODO,ABEOKUTA,E
3,132,524,850,AGO-IWOYE,ABEOKUTA,E
3,133,524,850,AGUNBOYE,ABEOKUTA,E
3,134,524,850,AIYEPE,ABEOKUTA,E
3,135,524,850,AJEBO,ABEOKUTA,E
3,136,524,850,AKAKA,ABEOKUTA,E
3,137,524,850,AKARIGBO,ABEOKUTA,E
3,138,524,850,AKINODE VILLAGE,ABEOKUTA,E
3,139,524,850,ALA,ABEOKUTA,E
3,140,524,850,ALAPORU,ABEOKUTA,E
4,141,524,850,ALARI 1,ABEOKUTA,E
4,142,524,850,ALATISHE,ABEOKUTA,E
4,143,524,850,AMU,ABEOKUTA,E
4,144,524,850,ARIGBAJO,ABEOKUTA,E
4,145,524,850,ATAN IJEBU,ABEOKUTA,E
4,146,524,850,ATIKOTI,ABEOKUTA,E
4,147,524,850,AWA,ABEOKUTA,E
4,148,524,850,AYILA,ABEOKUTA,E
4,149,524,850,CAMP VILLAGE,ABEOKUTA,E
4,150,524,850,EBUTE-IGBORO,ABEOKUTA,E
4,151,524,850,EJINO,ABEOKUTA,E
4,152,524,850,EMUREN,ABEOKUTA,E
4,153,524,850,ERUWON,ABEOKUTA,E
4,154,524,850,FED. PLOY ILARO,ABEOKUTA,E
4,155,524,850,IBIADE,ABEOKUTA,E
4,156,524,850,IBORO TOWN,ABEOKUTA,E
4,157,524,850,IDOWA,ABEOKUTA,E
4,158,524,850,IJEBU-IFE,ABEOKUTA,E
4,159,524,850,IJEBU-IGBO,ABEOKUTA,E
4,160,524,850,IJEBU-IMUSHIN,ABEOKUTA,E
4,161,524,850,IJOKO OTTA,ABEOKUTA,E
4,162,524,850,IJU-AJUWON,ABEOKUTA,E
4,163,524,850,IKENNE,ABEOKUTA,E
4,164,524,850,ILARA,ABEOKUTA,E
4,165,524,850,ILISAN,ABEOKUTA,E
4,166,524,850,ILUGUN IJEBU,ABEOKUTA,E
4,167,524,850,IMODI-MOSAN,ABEOKUTA,E
4,168,524,850,IPARA,ABEOKUTA,E
4,169,524,850,IPERIN,ABEOKUTA,E
4,170,524,850,IPERU,ABEOKUTA,E
4,171,524,850,IPOKIA,ABEOKUTA,E
4,172,524,850,IROLU,ABEOKUTA,E
4,173,524,850,ISAGA EGBADO,ABEOKUTA,E
4,174,524,850,ISAGA ORILE,ABEOKUTA,E
4,175,524,850,ISAGA ORILE,ABEOKUTA,E
4,176,524,850,ISARA,ABEOKUTA,E
4,177,524,850,ISHOFIN,ABEOKUTA,E
4,178,524,850,ISIWO,ABEOKUTA,E
4,179,524,850,ISONYIN,ABEOKUTA,E
4,180,524,850,ITELE,ABEOKUTA,E
4,181,524,850,ITORI,ABEOKUTA,E
4,182,524,850,MAKUN,ABEOKUTA,E
4,183,524,850,MAMU,ABEOKUTA,E
4,184,524,850,MOLOGEDE,ABEOKUTA,E
4,185,524,850,OBA TOWN,ABEOKUTA,E
4,186,524,850,OBANTA,ABEOKUTA,E
4,187,524,850,ODE REMO,ABEOKUTA,E
5,188,524,850,ODEDA,ABEOKUTA,E
5,189,524,850,ODEDEYO,ABEOKUTA,E
5,190,524,850,ODE-REMO,ABEOKUTA,E
5,191,524,850,ODESONBORA,ABEOKUTA,E
5,192,524,850,ODOGBOLU,ABEOKUTA,E
5,193,524,850,ODOSENLU,ABEOKUTA,E
5,194,524,850,ODOSIMADEGUN,ABEOKUTA,E
5,195,524,850,OGBERE,ABEOKUTA,E
5,196,524,850,OGBO,ABEOKUTA,E
5,197,524,850,OGBOGBO,ABEOKUTA,E
5,198,524,850,OGERE,ABEOKUTA,E
5,199,524,850,OGIJO,ABEOKUTA,E
5,200,524,850,OJA ODAN,ABEOKUTA,E
5,201,524,850,OJOWA,ABEOKUTA,E
5,202,524,850,OJU-AGEMO,ABEOKUTA,E
5,203,524,850,OKE AGBO,ABEOKUTA,E
5,204,524,850,OKE SOPIN,ABEOKUTA,E
5,205,524,850,OKEJIGBO,ABEOKUTA,E
5,206,524,850,OKE-ODAN,ABEOKUTA,E
5,207,524,850,OKE-OWA,ABEOKUTA,E
5,208,524,850,OKUN-OWA,ABEOKUTA,E
5,209,524,850,OLOKUTA,ABEOKUTA,E
5,210,524,850,OLORUNDA,ABEOKUTA,E
5,211,524,850,OLORUNSOGO,ABEOKUTA,E
5,212,524,850,OLUMBE,ABEOKUTA,E
5,213,524,850,OMU,ABEOKUTA,E
5,214,524,850,ONDO/BENIN RD.IJEBU-ODE,ABEOKUTA,E
5,215,524,850,ORU,ABEOKUTA,E
5,216,524,850,ORUNSEN,ABEOKUTA,E
5,217,524,850,OSOSA,ABEOKUTA,E
5,218,524,850,OWODE EGBA,ABEOKUTA,E
5,219,524,850,OWODE EGBA,ABEOKUTA,E
5,220,524,850,OWODE TOWN,ABEOKUTA,E
5,221,524,850,PAPALANTO,ABEOKUTA,E
5,222,524,850,POROGUN,ABEOKUTA,E
5,223,524,850,REDEMPTION CAMP VILL.,ABEOKUTA,E
5,224,524,850,SABO IJEBU,ABEOKUTA,E
5,225,524,850,SABO SAGAMU,ABEOKUTA,E
5,226,524,850,SHAGAMU,ABEOKUTA,E
5,227,524,850,SIUN,ABEOKUTA,E
5,228,524,850,WASIMI,ABEOKUTA,E
5,229,629,1700,AGO-EGUN (PAPA),ABEOKUTA,R
5,230,629,1700,AJIDO,ABEOKUTA,R
5,231,629,1700,ALAPAKO-ONI,ABEOKUTA,R
5,232,629,1700,ASHA,ABEOKUTA,R
5,233,629,1700,BALOGUN PARAPO,ABEOKUTA,R
5,234,629,1700,EWEKORO,ABEOKUTA,R
6,235,629,1700,IFO,ABEOKUTA,R
6,236,629,1700,ILARO,ABEOKUTA,R
6,237,629,1700,ILUGUN,ABEOKUTA,R
6,238,629,1700,ILUGUN-ALARO,ABEOKUTA,R
6,239,629,1700,ILUSHIN,ABEOKUTA,R
6,240,629,1700,IMASAYI,ABEOKUTA,R
6,241,629,1700,IMEKO,ABEOKUTA,R
6,242,629,1700,IMEKO S.O,ABEOKUTA,R
6,243,629,1700,ODE-LEMO,ABEOKUTA,R
6,244,629,1700,OFADA TOWN,ABEOKUTA,R
6,245,524,850,ADO,ABUJA,E
6,246,524,850,BWARI,ABUJA,E
6,247,524,850,City College,ABUJA,E
6,248,524,850,DEI-DEI,ABUJA,E
6,249,524,850,Gosa,ABUJA,E
6,250,524,850,GWAGWA,ABUJA,E
6,251,524,850,GWAGWALADA,ABUJA,E
6,252,524,850,Jikoyi,ABUJA,E
6,253,524,850,KARMO,ABUJA,E
6,254,524,850,KEFFI,ABUJA,E
6,255,524,850,Kpegi,ABUJA,E
6,256,524,850,KUJE,ABUJA,E
6,257,524,850,Kurudu,ABUJA,E
6,258,524,850,KWALI,ABUJA,E
6,259,524,850,MADALLA,ABUJA,E
6,260,524,850,MARARABA,ABUJA,E
6,261,524,850,MASAKA,ABUJA,E
6,262,524,850,One man village,ABUJA,E
6,263,524,850,OROZO,ABUJA,E
6,264,524,850,RUBOCHI,ABUJA,E
6,265,524,850,SABONWUSE,ABUJA,E
6,266,524,850,SHEDA,ABUJA,E
6,267,524,850,SULEJA,ABUJA,E
6,268,524,850,ZUBA,ABUJA,E
6,269,629,1700,ABAJI,ABUJA,R
6,270,629,1700,GIDA MANGORO,ABUJA,R
6,271,629,1700,IZOM,ABUJA,R
6,272,629,1700,TOTO,ABUJA,R
6,273,629,1700,Yangoji,ABUJA,R
6,274,524,850,AFIN AKOKO,AKURE,E
6,275,524,850,AFO,AKURE,E
6,276,524,850,AGBADO - EKITI,AKURE,E
6,277,524,850,AISEGBA,AKURE,E
6,278,524,850,AIYEDE OGBESE,AKURE,E
6,279,524,850,AIYEDUN,AKURE,E
6,280,524,850,AIYEGBAJU-EKITI,AKURE,E
6,281,524,850,AIYEGUNLE TEMIDIRE,AKURE,E
7,282,524,850,AIYESAN,AKURE,E
7,283,524,850,AJAGBA,AKURE,E
7,284,524,850,AJEBAMIDELE,AKURE,E
7,285,524,850,AJEGUNLE ABA- OYO,AKURE,E
7,286,524,850,AJOWA,AKURE,E
7,287,524,850,AJUE,AKURE,E
7,288,524,850,AKINJAGUNLA,AKURE,E
7,289,524,850,AKOTOGBO,AKURE,E
7,290,524,850,AKUNGBA,AKURE,E
7,291,524,850,AKUNU,AKURE,E
7,292,524,850,APONMULONA,AKURE,E
7,293,524,850,ARA EKITI,AKURE,E
7,294,524,850,ARAROMI EKITI,AKURE,E
7,295,524,850,ARAROMI OBU,AKURE,E
7,296,524,850,ARIGIDI,AKURE,E
7,297,524,850,ARIMOGIJA,AKURE,E
7,298,524,850,AROGBO-IJAW,AKURE,E
7,299,524,850,ATIJERE,AKURE,E
7,300,524,850,AUGA-AKOKO,AKURE,E
7,301,524,850,AWO-EKITI,AKURE,E
7,302,524,850,AYEBODE EKITI,AKURE,E
7,303,524,850,AYEDE EKITI,AKURE,E
7,304,524,850,AYETORO,AKURE,E
7,305,524,850,AYETORO-EKITI,AKURE,E
7,306,524,850,BAMIKEMO,AKURE,E
7,307,524,850,BOLORUNDURO,AKURE,E
7,308,524,850,C.A.C. EFON ALAYE,AKURE,E
7,309,524,850,EGBE-EKITI,AKURE,E
7,310,524,850,EMURE,AKURE,E
7,311,524,850,EMURE -ILE,AKURE,E
7,312,524,850,EPINMI -AKOKO,AKURE,E
7,313,524,850,ERINJE,AKURE,E
7,314,524,850,ERINJIYAN,AKURE,E
7,315,524,850,ERITI-IGASI-AKOKO,AKURE,E
7,316,524,850,ERUSU - AKOKO,AKURE,E
7,317,524,850,ESE-AKOKO,AKURE,E
7,318,524,850,ESURE-EKITI,AKURE,E
7,319,524,850,FAGBO,AKURE,E
7,320,524,850,GEDEGEDE-AKOKO,AKURE,E
7,321,524,850,IBARAMU-AKOKO,AKURE,E
7,322,524,850,IBOROPA-AKOKO,AKURE,E
7,323,524,850,IBULESORO,AKURE,E
7,324,524,850,IDANRE,AKURE,E
7,325,524,850,IDO EKITI,AKURE,E
7,326,524,850,IDO-AJINARE,AKURE,E
7,327,524,850,IDOANI,AKURE,E
7,328,524,850,IDOGUN,AKURE,E
8,329,524,850,IFAKI,AKURE,E
8,330,524,850,IFIRA-AKOKO,AKURE,E
8,331,524,850,IFISIN EKITI,AKURE,E
8,332,524,850,IFON,AKURE,E
8,333,524,850,IGBA,AKURE,E
8,334,524,850,IGBARAODO,AKURE,E
8,335,524,850,IGBARA-ODO,AKURE,E
8,336,524,850,IGBARAOKE,AKURE,E
8,337,524,850,IGBARA-OKE/OWENA,AKURE,E
8,338,524,850,IGBEKEBO,AKURE,E
8,339,524,850,IGBOBINI,AKURE,E
8,340,524,850,IGBOGUNRIN,AKURE,E
8,341,524,850,IGBOKODA,AKURE,E
8,342,524,850,IGBOOTAKO,AKURE,E
8,343,524,850,IGBOTU,AKURE,E
8,344,524,850,IGEDE EKITI,AKURE,E
8,345,524,850,IGODANLISA,AKURE,E
8,346,524,850,IGOGO - EKITI,AKURE,E
8,347,524,850,IGUNSI,AKURE,E
8,348,524,850,IIASA EKITI,AKURE,E
8,349,524,850,IIOGBO,AKURE,E
8,350,524,850,IIORO,AKURE,E
8,351,524,850,IIUOMBA,AKURE,E
8,352,524,850,IJAGBA,AKURE,E
8,353,524,850,IJAN,AKURE,E
8,354,524,850,IJARE,AKURE,E
8,355,524,850,IJEBU OWO,AKURE,E
8,356,524,850,IJERO ARAMOKO EKITI,AKURE,E
8,357,524,850,IJERO/ARAMOKO EKITI,AKURE,E
8,358,524,850,IJESA ISU,AKURE,E
8,359,524,850,IJOMU ORO,AKURE,E
8,360,524,850,IJU,AKURE,E
8,361,524,850,IKARAMU,AKURE,E
8,362,524,850,IKARE-AKOKO,AKURE,E
8,363,524,850,IKARO,AKURE,E
8,364,524,850,IKEJI- ARAKEJI,AKURE,E
8,365,524,850,IKEJI-ILE,AKURE,E
8,366,524,850,IKERE EKITI,AKURE,E
8,367,524,850,IKOGOSI -EKITI,AKURE,E
8,368,524,850,IKOLE-EKITI,AKURE,E
8,369,524,850,IKORO,AKURE,E
8,370,524,850,IKORO,AKURE,E
8,371,524,850,IKOTA,AKURE,E
8,372,524,850,IKOYA,AKURE,E
8,373,524,850,IKOYA ROAD,AKURE,E
8,374,524,850,IKUN EKITI,AKURE,E
8,375,524,850,ILARA-MOKIN,AKURE,E
9,376,524,850,ILAWE EKITI,AKURE,E
9,377,524,850,ILUPEJU EKITI,AKURE,E
9,378,524,850,ILUTITUN,AKURE,E
9,379,524,850,IMERI,AKURE,E
9,380,524,850,IMESI- EKITI,AKURE,E
9,381,524,850,IMORU,AKURE,E
9,382,524,850,IPAO-EKITI,AKURE,E
9,383,524,850,IPE/AKOKO,AKURE,E
9,384,524,850,IPELE,AKURE,E
9,385,524,850,IPESI -AKOKO,AKURE,E
9,386,524,850,IPOGUN,AKURE,E
9,387,524,850,IPOLE ILORO,AKURE,E
9,388,524,850,IPOTI EKITI,AKURE,E
9,389,524,850,IPOTI-EKITI,AKURE,E
9,390,524,850,IRE-EKITI,AKURE,E
9,391,524,850,IRELE-EKITI,AKURE,E
9,392,524,850,IRUN AKOKO,AKURE,E
9,393,524,850,ISE - EKITI,AKURE,E
9,394,524,850,ISHAN-EKITI,AKURE,E
9,395,524,850,ISINBODE,AKURE,E
9,396,524,850,ISUA -AKOKO,AKURE,E
9,397,524,850,ITAOGBOLU,AKURE,E
9,398,524,850,ITAPA EKITI,AKURE,E
9,399,524,850,ITAPAJI -EKITI,AKURE,E
9,400,524,850,ITEBU-MANUWA,AKURE,E
9,401,524,850,IWARO-OKA,AKURE,E
9,402,524,850,IWOROKO-EKITI,AKURE,E
9,403,524,850,IYERE,AKURE,E
9,404,524,850,IYIN-EKITI,AKURE,E
9,405,524,850,KAJOLA-ISE-EKITI,AKURE,E
9,406,524,850,LIPANU,AKURE,E
9,407,524,850,MAHINTEDO,AKURE,E
9,408,524,850,OBA-AKOKO,AKURE,E
9,409,524,850,OBA-ILE,AKURE,E
9,410,524,850,OBOTO,AKURE,E
9,411,524,850,ODE EKITI,AKURE,E
9,412,524,850,ODE IRELE,AKURE,E
9,413,524,850,ODE-AYE,AKURE,E
9,414,524,850,ODE-EKITI,AKURE,E
9,415,524,850,ODE-IRELE,AKURE,E
9,416,524,850,ODIGBO,AKURE,E
9,417,524,850,ODOTU,AKURE,E
9,418,524,850,OGBAGI,AKURE,E
9,419,524,850,OGBESE,AKURE,E
9,420,524,850,OGOTUN,AKURE,E
9,421,524,850,OGOTUN EKITI,AKURE,E
9,422,524,850,OKA HO,AKURE,E
10,423,524,850,OKA JUNCTION,AKURE,E
10,424,524,850,OKE AKO EKITI,AKURE,E
10,425,524,850,OKE-AGBE,AKURE,E
10,426,524,850,OKE-AKO EKITI,AKURE,E
10,427,524,850,OKEIGBO,AKURE,E
10,428,524,850,OKE-IGBO/ILE-OLUJI,AKURE,E
10,429,524,850,OKELUSE,AKURE,E
10,430,524,850,OKEMESI,AKURE,E
10,431,524,850,OKITIPUPA,AKURE,E
10,432,524,850,OMUO EKITI,AKURE,E
10,433,524,850,OMUO-OKE,AKURE,E
10,434,524,850,ONIPARAGA,AKURE,E
10,435,524,850,ORE,AKURE,E
10,436,524,850,ORIN,AKURE,E
10,437,524,850,ORUN EKITI,AKURE,E
10,438,524,850,OSAN-EKITI,AKURE,E
10,439,524,850,OSI-EKITI,AKURE,E
10,440,524,850,OSIN EKITI,AKURE,E
10,441,524,850,OSUA,AKURE,E
10,442,524,850,OTUN - EKITI,AKURE,E
10,443,524,850,OWO,AKURE,E
10,444,524,850,OWODE OWENA,AKURE,E
10,445,524,850,OYE-EKITI,AKURE,E
10,446,524,850,OYIN AKOKO,AKURE,E
10,447,524,850,OYUN AKOKO,AKURE,E
10,448,524,850,SABOMI,AKURE,E
10,449,524,850,SIMERIN-AKOKO,AKURE,E
10,450,524,850,SUPARE AKOKO,AKURE,E
10,451,524,850,UGBONLA,AKURE,E
10,452,524,850,USHO,AKURE,E
10,453,629,1700,OKITIPUPA,AKURE,R
10,454,524,850,DARAZO,BAUCHI,E
10,455,524,850,DASS,BAUCHI,E
10,456,524,850,Jama'are,BAUCHI,E
10,457,524,850,TAFAWA BALEWA,BAUCHI,E
10,458,524,800,ZAKI,BAUCHI,E
10,459,629,1700,ALKALERI,BAUCHI,R
10,460,629,1700,AZARE,BAUCHI,R
10,461,629,1700,BOGORO,BAUCHI,R
10,462,629,1700,DAMBAM,BAUCHI,R
10,463,629,1700,GAJUWA,BAUCHI,R
10,464,629,1700,GAMAWA,BAUCHI,R
10,465,629,1700,GIADE,BAUCHI,R
10,466,629,1700,ITAS,BAUCHI,R
10,467,629,1700,JAMA'ARE,BAUCHI,R
10,468,629,1700,KAFIN MADAKI,BAUCHI,R
10,469,629,1700,KARI,BAUCHI,R
11,470,629,1700,KATAGUM,BAUCHI,R
11,471,629,1700,KIRFI,BAUCHI,R
11,472,629,1700,LIMAN KATAGUM,BAUCHI,R
11,473,629,1700,MISAU,BAUCHI,R
11,474,629,1700,NABORDO,BAUCHI,R
11,475,629,1700,NINGI,BAUCHI,R
11,476,629,1700,SHIRA,BAUCHI,R
11,477,629,1700,YANA,BAUCHI,R
11,478,629,1700,YANKARI GAME RESERVE,BAUCHI,R
11,479,629,1700,ZAKI,BAUCHI,R
11,480,524,850,AGBOR,BENIN,E
11,481,524,850,EME ORA,BENIN,E
11,482,524,850,IYANOMO RUBBER RESEARCH,BENIN,E
11,483,524,850,Jattu,BENIN,E
11,484,524,850,OBARETIN VILLAGE PRESCO,BENIN,E
11,485,524,850,OKOMU IDDO,BENIN,E
11,486,524,850,WEPPA AGENEBODE,BENIN,E
11,487,524,850,ABAVO,BENIN,E
11,488,524,850,ABUDU,BENIN,E
11,489,524,850,AFASHIO,BENIN,E
11,490,524,850,AFOWA,BENIN,E
11,491,524,850,AGBEDE,BENIN,E
11,492,524,850,AGENEBODE,BENIN,E
11,493,524,850,ANEGBETTE,BENIN,E
11,494,524,850,AVIELE,BENIN,E
11,495,524,850,EBELLE,BENIN,E
11,496,524,850,EIBENU,BENIN,E
11,497,524,850,EKPERI,BENIN,E
11,498,524,850,EKPON,BENIN,E
11,499,524,850,EMAI,BENIN,E
11,500,524,850,EMU,BENIN,E
11,501,524,850,ETETE,BENIN,E
11,502,524,850,EVBOESI,BENIN,E
11,503,524,850,EWATTO,BENIN,E
11,504,524,850,EWOHIMI,BENIN,E
11,505,524,850,EWU,BENIN,E
11,506,524,850,IBIE IYEREKU,BENIN,E
11,507,524,850,IBILLO,BENIN,E
11,508,524,850,IDIDIGBA,BENIN,E
11,509,524,850,IGBANKE,BENIN,E
11,510,524,850,IGBUEBEN,BENIN,E
11,511,524,850,IGUELAIHOR,BENIN,E
11,512,524,850,IGUOKAKHAN,BENIN,E
11,513,524,850,IHIEVBE,BENIN,E
11,514,524,850,IKPESHI,BENIN,E
11,515,524,850,ILUEHA,BENIN,E
11,516,524,850,IRRUA,BENIN,E
12,517,524,850,IRUEKPEN,BENIN,E
12,518,524,850,IYAKPI,BENIN,E
12,519,524,850,IYOWA,BENIN,E
12,520,524,850,IYUKU,BENIN,E
12,521,524,850,JAGBE,BENIN,E
12,522,524,850,OBEIDU,BENIN,E
12,523,524,850,OGWA,BENIN,E
12,524,524,850,OHORDUA,BENIN,E
12,525,524,850,OKHUESSAN,BENIN,E
12,526,524,850,OKPUJE,BENIN,E
12,527,524,850,ONEWA,BENIN,E
12,528,524,850,OPOJI,BENIN,E
12,529,524,850,OTTAH,BENIN,E
12,530,524,850,OTUO,BENIN,E
12,531,524,850,OZALLA,BENIN,E
12,532,524,850,OZANISI,BENIN,E
12,533,524,850,UBIAJA,BENIN,E
12,534,524,850,UDO,BENIN,E
12,535,524,850,UGBEKA,BENIN,E
12,536,524,850,UGBOKO-NIRO,BENIN,E
12,537,524,850,UGBOKO-NUMAGAE,BENIN,E
12,538,524,850,UGO,BENIN,E
12,539,524,850,UGONEKI,BENIN,E
12,540,524,850,UJIOGBA,BENIN,E
12,541,524,850,UKHUN,BENIN,E
12,542,524,850,UKPILLA,BENIN,E
12,543,524,850,UNEMENEKHUA,BENIN,E
12,544,524,850,UOKHA,BENIN,E
12,545,524,850,URHUERUE,BENIN,E
12,546,524,850,URNONIGBE,BENIN,E
12,547,524,850,UTEKON,BENIN,E
12,548,524,850,UTESE,BENIN,E
12,549,524,850,UTOKA,BENIN,E
12,550,524,850,UWAN,BENIN,E
12,551,524,850,UWESAN,BENIN,E
12,552,524,850,UZEAN,BENIN,E
12,553,524,850,WARRAKE,BENIN,E
12,554,629,1700,AFUZE,BENIN,R
12,555,629,1700,EMEORA,BENIN,R
12,556,629,1700,FUGAR,BENIN,R
12,557,629,1700,IGARRA,BENIN,R
12,558,629,1700,IKAKUMO,BENIN,R
12,559,629,1700,IRAOKHOR,BENIN,R
12,560,629,1700,IREKPAI,BENIN,R
12,561,629,1700,IRU,BENIN,R
12,562,629,1700,IVIANOKPODI,BENIN,R
12,563,629,1700,IVIUKE,BENIN,R
13,564,629,1700,ODIGUETUE,BENIN,R
13,565,629,1700,OGBESSE,BENIN,R
13,566,629,1700,OKOMU/IDDO,BENIN,R
13,567,629,1700,OKPEKPE,BENIN,R
13,568,629,1700,OKPELLA,BENIN,R
13,569,629,1700,OLOTEN,BENIN,R
13,570,629,1700,SOBE,BENIN,R
13,571,629,1700,UZAIRUE,BENIN,R
13,572,629,1700,UZERE,BENIN,R
13,1,524,850,ABABENE,CALABAR,E
13,2,524,850,ABIJANG,CALABAR,E
13,3,524,850,ABO EBAM,CALABAR,E
13,4,524,850,ABUOCHICHE,CALABAR,E
13,5,524,850,ADIM,CALABAR,E
13,6,524,850,AFAFANYI,CALABAR,E
13,7,524,850,AGBA,CALABAR,E
13,8,524,850,AGBIKOM,CALABAR,E
13,9,524,850,AGOI EKPO,CALABAR,E
13,10,524,850,AGWAGUNA,CALABAR,E
13,11,524,850,AJASSOR,CALABAR,E
13,12,524,850,AJIDINKPOR,CALABAR,E
13,13,524,850,AKIM AKIM,CALABAR,E
13,14,524,850,AKPAP OKOYONG,CALABAR,E
13,15,524,850,AKPARABONG,CALABAR,E
13,16,524,850,AKPET CENTRAL,CALABAR,E
13,17,524,850,AKWA IKOT EFFANGA,CALABAR,E
13,18,524,850,ANINGEJE,CALABAR,E
13,19,524,850,APIAPUM,CALABAR,E
13,20,524,850,ARAGBAN,CALABAR,E
13,21,524,850,ASSIGA,CALABAR,E
13,22,524,850,ATAN ONOYOM,CALABAR,E
13,23,524,850,AWI,CALABAR,E
13,24,524,850,AZARE,CALABAR,E
13,25,524,850,BOGORO,CALABAR,E
13,26,524,850,BUSI,CALABAR,E
13,27,524,850,ECHUMOFANA,CALABAR,E
13,28,524,850,EDIBA,CALABAR,E
13,29,524,850,EDOR,CALABAR,E
13,30,524,850,EFFRAYA,CALABAR,E
13,31,524,850,EKPRI IKANG,CALABAR,E
13,32,524,850,EKPRI OBIO ABAKPA,CALABAR,E
13,33,524,850,EKUMTAK,CALABAR,E
13,34,524,850,EMANGHABE,CALABAR,E
13,35,524,850,ESIGHI,CALABAR,E
13,36,524,850,ETOMI,CALABAR,E
13,37,524,850,ETONO CENTRAL,CALABAR,E
13,38,524,850,GAKEM,CALABAR,E
14,39,524,850,GANJUAA,CALABAR,E
14,40,524,850,IBIJAKARA,CALABAR,E
14,41,524,850,IBIL,CALABAR,E
14,42,524,850,IDOMI,CALABAR,E
14,43,524,850,IDUNDU,CALABAR,E
14,44,524,850,IFIANG AYONG,CALABAR,E
14,45,524,850,IFIANG NSUNG,CALABAR,E
14,46,524,850,IJIBOR,CALABAR,E
14,47,524,850,IKANG,CALABAR,E
14,48,524,850,IKO EUPEREM,CALABAR,E
14,49,524,850,IKOT ASUQUO AFFIONG AYE,CALABAR,E
14,50,524,850,IKOT EDM ODO,CALABAR,E
14,51,524,850,IKOT ENE,CALABAR,E
14,52,524,850,IKOT OFFIONG AMBAI,CALABAR,E
14,53,524,850,IKOT OFFIONG OTOP,CALABAR,E
14,54,524,850,IKOT OKPORA,CALABAR,E
14,55,524,850,INE ABASI,CALABAR,E
14,56,524,850,IPUOLE EBO,CALABAR,E
14,57,524,850,ISOBENDEGHE,CALABAR,E
14,58,524,850,ITAKA,CALABAR,E
14,59,524,850,IWURU,CALABAR,E
14,60,524,850,KAKWAGOM,CALABAR,E
14,61,524,850,KETABEBE,CALABAR,E
14,62,524,850,KIRFI,CALABAR,E
14,63,524,850,MBARAKOM,CALABAR,E
14,64,524,850,MBOTI,CALABAR,E
14,65,524,850,MFAMOSING,CALABAR,E
14,66,524,850,MKPANI,CALABAR,E
14,67,524,850,MMA EFA,CALABAR,E
14,68,524,850,NDE,CALABAR,E
14,69,524,850,NKAKAT EYAMBA,CALABAR,E
14,70,524,850,NSADOP,CALABAR,E
14,71,524,850,NWANG,CALABAR,E
14,72,524,850,NYANYA,CALABAR,E
14,73,524,850,OBA,CALABAR,E
14,74,524,850,OBUTONG,CALABAR,E
14,75,524,850,OCHAGBE,CALABAR,E
14,76,524,850,OCHON,CALABAR,E
14,77,524,850,OFODUA,CALABAR,E
14,78,524,850,OFONBONGHA,CALABAR,E
14,79,524,850,OKOYONG USANG ABASI,CALABAR,E
14,80,524,850,OKPECHE,CALABAR,E
14,81,524,850,OKUKU CALABAR,CALABAR,E
14,82,524,850,OKUNDI,CALABAR,E
14,83,524,850,OKUNI,CALABAR,E
14,84,524,850,OLACHOR,CALABAR,E
14,85,524,850,OYADAMA,CALABAR,E
15,86,524,850,SANKWALA,CALABAR,E
15,87,524,850,SHIKPECHE,CALABAR,E
15,88,524,850,UGAGA,CALABAR,E
15,89,524,850,UKPA,CALABAR,E
15,90,524,850,UKPE,CALABAR,E
15,91,524,850,UKWA,CALABAR,E
15,92,524,850,UTANGA,CALABAR,E
15,93,524,850,UTUHU,CALABAR,E
15,94,524,850,UTUKPURU,CALABAR,E
15,95,524,850,UYANGA,CALABAR,E
15,96,524,850,WARJI,CALABAR,E
15,97,524,850,WONYE,CALABAR,E
15,98,524,850,WULA,CALABAR,E
15,99,524,850,ABANGORK,CALABAR,E
15,100,524,850,ABANKANG,CALABAR,E
15,101,524,850,ABANWAN EREI,CALABAR,E
15,102,524,850,ABINI,CALABAR,E
15,103,524,850,ADIM,CALABAR,E
15,104,524,850,ADUM TOWN,CALABAR,E
15,105,524,850,AKAMKPA,CALABAR,E
15,106,524,850,AKPET,CALABAR,E
15,107,524,850,AWI,CALABAR,E
15,108,524,850,AYIP EKU PALM PLANTATION,CALABAR,E
15,109,524,850,BANSARA,CALABAR,E
15,110,524,850,BATERIKO,CALABAR,E
15,111,524,850,BENDEGHE-EKIEM,CALABAR,E
15,112,524,850,BIAKPAN,CALABAR,E
15,113,524,850,CREEK TOWN,CALABAR,E
15,114,524,850,ITIGIDI,CALABAR,E
15,115,524,850,KAKWAGOM,CALABAR,E
15,116,524,850,KAKWAGON,CALABAR,E
15,117,524,850,MBARAKOM,CALABAR,E
15,118,524,850,MFAMOSINE,CALABAR,E
15,119,524,850,NETIM,CALABAR,E
15,120,524,850,NKO,CALABAR,E
15,121,524,850,ODUKPANI,CALABAR,E
15,122,524,850,OFODUA,CALABAR,E
15,123,524,850,OKUKU,CALABAR,E
15,124,524,850,OKURIKANG,CALABAR,E
15,125,524,850,OOKPOMA,CALABAR,E
15,126,524,850,SANKWALA,CALABAR,E
15,127,524,850,USUMUTONG,CALABAR,E
15,128,524,850,WANAKOM,CALABAR,E
15,129,629,1700,ABAOMEGE,CALABAR,R
15,130,629,1700,ADADAMA,CALABAR,R
15,131,629,1700,ADIABO,CALABAR,R
15,132,629,1700,BAKASSI,CALABAR,R
16,133,629,1700,BOJE,CALABAR,R
16,134,629,1700,EDIBA,CALABAR,R
16,135,629,1700,EFFRAYA,CALABAR,R
16,136,629,1700,EKORI,CALABAR,R
16,137,629,1700,EKUREKU,CALABAR,R
16,138,629,1700,IGBO IMABANA,CALABAR,R
16,139,629,1700,IKOM,CALABAR,R
16,140,629,1700,MKPANI,CALABAR,R
16,141,629,1700,OBUBRA,CALABAR,R
16,142,629,1700,OBUDU,CALABAR,R
16,143,629,1700,OBUDU CATTLE RANCH,CALABAR,R
16,144,629,1700,OGOJA,CALABAR,R
16,145,629,1700,UGEP,CALABAR,R
16,146,629,1700,UYANGA,CALABAR,R
16,147,629,1700,YAHE,CALABAR,R
16,148,524,850,ABIA,ENUGU,E
16,149,524,850,ABINA,ENUGU,E
16,150,524,850,ABOR-AGBAJA,ENUGU,E
16,151,524,850,ACHI,ENUGU,E
16,152,524,850,ADANI,ENUGU,E
16,153,524,850,ADAOGBA,ENUGU,E
16,154,524,850,AFFA,ENUGU,E
16,155,524,850,AFOR -NACHI,ENUGU,E
16,156,524,850,AGABI,ENUGU,E
16,157,524,850,AGBALAENYI,ENUGU,E
16,158,524,850,AGBANI,ENUGU,E
16,159,524,850,AGBA-UMANA,ENUGU,E
16,160,524,850,AGBOGUGU,ENUGU,E
16,161,524,850,AGUAGBA-UMANA,ENUGU,E
16,162,524,850,AGUOBU UMUMBA,ENUGU,E
16,163,524,850,AGUOBU-OWA,ENUGU,E
16,164,524,850,AGWU,ENUGU,E
16,165,524,850,AKAMA,ENUGU,E
16,166,524,850,AKEGBE -UGWU,ENUGU,E
16,167,524,850,AKPAWFU,ENUGU,E
16,168,524,850,AKPUGO,ENUGU,E
16,169,524,850,AKPUGO EZEDIKE,ENUGU,E
16,170,524,850,AKPUGOEZE,ENUGU,E
16,171,524,850,AKU,ENUGU,E
16,172,524,850,AKWUKE,ENUGU,E
16,173,524,850,ALOR-AGU,ENUGU,E
16,174,524,850,AMAGU,ENUGU,E
16,175,524,850,AMAGUNZE,ENUGU,E
16,176,524,850,AMAMGBALA,ENUGU,E
16,177,524,850,AMATU-EZEMA,ENUGU,E
16,178,524,850,AMAUZAM,ENUGU,E
16,179,524,850,AMECHI,ENUGU,E
17,180,524,850,AMOKWE,ENUGU,E
17,181,524,850,AMURI-AMABOR,ENUGU,E
17,182,524,850,AWHA-IMEZI,ENUGU,E
17,183,524,850,AWHA-NDIAGU,ENUGU,E
17,184,524,850,AWHUM,ENUGU,E
17,185,524,850,AWKUNAWNAW TOWN,ENUGU,E
17,186,524,850,EBEANO,ENUGU,E
17,187,524,850,EBIAJI,ENUGU,E
17,188,524,850,EDE OBALLA,ENUGU,E
17,189,524,850,EFFIUM,ENUGU,E
17,190,524,850,EGEDE,ENUGU,E
17,191,524,850,EGUNKWO-ONITSHA,ENUGU,E
17,192,524,850,EHA ALUMONA,ENUGU,E
17,193,524,850,EHA AMUFU,ENUGU,E
17,194,524,850,EHA-ALUMONA,ENUGU,E
17,195,524,850,EKE,ENUGU,E
17,196,524,850,EKE-OKPAKU,ENUGU,E
17,197,524,850,EKWEGBE,ENUGU,E
17,198,524,850,ENHA,ENUGU,E
17,199,524,850,ENUGU EZIKE,ENUGU,E
17,200,524,850,ENUGU-EZIKE,ENUGU,E
17,201,524,850,ENUGU-NGWO,ENUGU,E
17,202,524,850,EZEAGU AGUBUOWA,ENUGU,E
17,203,524,850,EZEANGBO,ENUGU,E
17,204,524,850,Ezeangbo,ENUGU,E
17,205,524,850,EZEMA-OLO,ENUGU,E
17,206,524,850,EZIOHA OGUGU,ENUGU,E
17,207,524,850,EZZA,ENUGU,E
17,208,524,850,EZZAGU,ENUGU,E
17,209,524,850,IBAGWANI,ENUGU,E
17,210,524,850,IBAGWA-NKWO,ENUGU,E
17,211,524,850,IBITE-OGUGU,ENUGU,E
17,212,524,850,IGBO ETITI,ENUGU,E
17,213,524,850,IGBO ETITI IGBOEZE NORTH,ENUGU,E
17,214,524,850,IGBO EZE SOUTH,ENUGU,E
17,215,524,850,IGBO-ANO,ENUGU,E
17,216,524,850,IGBO-EZE,ENUGU,E
17,217,524,850,IHIE ISHIAGU,ENUGU,E
17,218,524,850,IHUONYIA,ENUGU,E
17,219,524,850,IKEM,ENUGU,E
17,220,524,850,IKWO,ENUGU,E
17,221,524,850,IKWO - SOUTH,ENUGU,E
17,222,524,850,IKWO ONU EBONYI,ENUGU,E
17,223,524,850,ILIE -OWA,ENUGU,E
17,224,524,850,INYI,ENUGU,E
17,225,524,850,ISHIELU,ENUGU,E
17,226,524,850,ISIGWE,ENUGU,E
18,227,524,850,ISIKWE ACHI,ENUGU,E
18,228,524,850,ISIUGWU UGBAWKA,ENUGU,E
18,229,524,850,ISIUGWU UMANA,ENUGU,E
18,230,524,850,ISIUZOR,ENUGU,E
18,231,524,850,ITIM-UKWU,ENUGU,E
18,232,524,850,ITITI EDDA,ENUGU,E
18,233,524,850,IVA-VALLEY,ENUGU,E
18,234,524,850,IVO,ENUGU,E
18,235,524,850,IWOLLO,ENUGU,E
18,236,524,850,IZANGBO,ENUGU,E
18,237,524,850,IZZI,ENUGU,E
18,238,524,850,LEGGA,ENUGU,E
18,239,524,850,LEJJA,ENUGU,E
18,240,524,850,MAKU,ENUGU,E
18,241,524,850,MBANABO NORTH & SOUTH,ENUGU,E
18,242,524,850,MBU,ENUGU,E
18,243,524,850,MGBO EAST,ENUGU,E
18,244,524,850,MGBOGBU-OWA,ENUGU,E
18,245,524,850,MGBOWO,ENUGU,E
18,246,524,850,MKPOR,ENUGU,E
18,247,524,850,MPU,ENUGU,E
18,248,524,850,NACHI,ENUGU,E
18,249,524,850,NARA,ENUGU,E
18,250,524,850,NDIABOR,ENUGU,E
18,251,524,850,NDIAGU ACHARA,ENUGU,E
18,252,524,850,NDIOKE,ENUGU,E
18,253,524,850,NENWE,ENUGU,E
18,254,524,850,NGENE-UGBO,ENUGU,E
18,255,524,850,NKALAGU,ENUGU,E
18,256,524,850,NKANU,ENUGU,E
18,257,524,850,NKEREFI,ENUGU,E
18,258,524,850,NKWE,ENUGU,E
18,259,524,850,NROBO,ENUGU,E
18,260,524,850,NSUDE,ENUGU,E
18,261,524,850,NSUKKA,ENUGU,E
18,262,524,850,NSUKKA,ENUGU,E
18,263,524,850,OBELEAGU-UNANA,ENUGU,E
18,264,524,850,OBIMO,ENUGU,E
18,265,524,850,OBINAGU,ENUGU,E
18,266,524,850,OBINOFIA-NDIUNO,ENUGU,E
18,267,524,850,OBIOMA,ENUGU,E
18,268,524,850,OBIOSARA,ENUGU,E
18,269,524,850,OBODO-ULI,ENUGU,E
18,270,524,850,OBOLLO AFOR,ENUGU,E
18,271,524,850,OBOLLO EITITI,ENUGU,E
18,272,524,850,OBOLLO EKE,ENUGU,E
18,273,524,850,OBOLOAFOR,ENUGU,E
19,274,524,850,ODAGERI EDDA,ENUGU,E
19,275,524,850,OGBEDE,ENUGU,E
19,276,524,850,OGHE,ENUGU,E
19,277,524,850,OGHU,ENUGU,E
19,278,524,850,OGUGURU,ENUGU,E
19,279,524,850,OGWOFIA -OWA,ENUGU,E
19,280,524,850,OGWUAGO,ENUGU,E
19,281,524,850,OGWUOGO NIKE,ENUGU,E
19,282,524,850,OHABUEZE-OBIMO,ENUGU,E
19,283,524,850,OHAUKWU,ENUGU,E
19,284,524,850,OHODO,ENUGU,E
19,285,524,850,OJI RIVER,ENUGU,E
19,286,524,850,OKOTO,ENUGU,E
19,287,524,850,OKPATU,ENUGU,E
19,288,524,850,OKPESI,ENUGU,E
19,289,524,850,OKPUEZE-UMUMBA,ENUGU,E
19,290,524,850,OKUNATO,ENUGU,E
19,291,524,850,OKWOJO-NGWO,ENUGU,E
19,292,524,850,OMEGE ACHARA,ENUGU,E
19,293,524,850,OMOGWU UMANA,ENUGU,E
19,294,524,850,ONUABANYI ECHARA,ENUGU,E
19,295,524,850,ONUEKE,ENUGU,E
19,296,524,850,ONYEHOR,ENUGU,E
19,297,524,850,OPI,ENUGU,E
19,298,524,850,ORUKU,ENUGU,E
19,299,524,850,OVOKO,ENUGU,E
19,300,524,850,OWA-OBINAGU,ENUGU,E
19,301,524,850,OYE ABBI,ENUGU,E
19,302,524,850,UBOJI-NGWO,ENUGU,E
19,303,524,850,UDI,ENUGU,E
19,304,524,850,UDUMA,ENUGU,E
19,305,524,850,UGBONABOR,ENUGU,E
19,306,524,850,UGBO-OKPALA,ENUGU,E
19,307,524,850,UGWUEKE -NIKE,ENUGU,E
19,308,524,850,UGWUEME,ENUGU,E
19,309,524,850,UGWUNWANI,ENUGU,E
19,310,524,850,UHUNONWERRE,ENUGU,E
19,311,524,850,UKANA,ENUGU,E
19,312,524,850,UKEHE,ENUGU,E
19,313,524,850,UKPATA,ENUGU,E
19,314,524,850,UMUABI,ENUGU,E
19,315,524,850,UMUAGA,ENUGU,E
19,316,524,850,UMUAVULU ABOR 1,ENUGU,E
19,317,524,850,UMUITODO,ENUGU,E
19,318,524,850,UMULAKPA,ENUGU,E
19,319,524,850,UMULOKPA,ENUGU,E
19,320,524,850,UMULUMGBE,ENUGU,E
20,321,524,850,UMUMBA,ENUGU,E
20,322,524,850,UMUMBA-NDIAGU,ENUGU,E
20,323,524,850,UMUNAJI OGBODO,ENUGU,E
20,324,524,850,UMUNKO,ENUGU,E
20,325,524,850,UMUNWENJI -NIKE,ENUGU,E
20,326,524,850,UMUOKA,ENUGU,E
20,327,524,850,UVURUR,ENUGU,E
20,328,524,850,UZOR UWANI,ENUGU,E
20,329,524,850,ASHAKA GOMBE,GOMBE,E
20,330,524,850,BOJUDE,GOMBE,E
20,331,524,850,DUKKU,GOMBE,E
20,332,524,850,KWAMI,GOMBE,E
20,333,524,850,LAWANTI,GOMBE,E
20,334,524,850,PINDINGA,GOMBE,E
20,335,524,850,TUFURE,GOMBE,E
20,336,629,1700,ASHAKA,GOMBE,R
20,337,629,1700,CHAM KANDIYE,GOMBE,R
20,338,629,1700,GADAM,GOMBE,R
20,339,629,1700,KASHERE,GOMBE,R
20,340,629,1700,TULA,GOMBE,R
20,341,524,850,ABERE,IBADAN,E
20,342,524,850,ADA,IBADAN,E
20,343,524,850,ADESANMI,IBADAN,E
20,344,524,850,AGO -ARE,IBADAN,E
20,345,524,850,AGO-AMODU,IBADAN,E
20,346,524,850,AGOWANDE,IBADAN,E
20,347,524,850,AGUNPOPO OYO,IBADAN,E
20,348,524,850,AGUNREGE,IBADAN,E
20,349,524,850,AGUNRODO,IBADAN,E
20,350,524,850,AHOYAYA,IBADAN,E
20,351,524,850,AIYETE,IBADAN,E
20,352,524,850,AJAAWA,IBADAN,E
20,353,524,850,AKALAKO,IBADAN,E
20,354,524,850,AKANRAN,IBADAN,E
20,355,524,850,AKINLALU,IBADAN,E
20,356,524,850,AKINMORIN,IBADAN,E
20,357,524,850,ALAGBEDE,IBADAN,E
20,358,524,850,ALAJURE,IBADAN,E
20,359,524,850,ALUSEKERE,IBADAN,E
20,360,524,850,"ALUTIERIN, ILE-IFE",IBADAN,E
20,361,524,850,AMUYE IJESHA,IBADAN,E
20,362,524,850,APASO,IBADAN,E
20,363,524,850,APOMU,IBADAN,E
20,364,524,850,ARA- EDE,IBADAN,E
20,365,524,850,ARAROMI - OWU,IBADAN,E
20,366,524,850,ARAROMI - ST. OSOGBO,IBADAN,E
20,367,524,850,ARO,IBADAN,E
21,368,524,850,ARUBIDI,IBADAN,E
21,369,524,850,ASIPA,IBADAN,E
21,370,524,850,AWO,IBADAN,E
21,371,524,850,AYETE,IBADAN,E
21,372,524,850,BODE-OSI,IBADAN,E
21,373,524,850,EDUNABON,IBADAN,E
21,374,524,850,EGBEDA LOGUN,IBADAN,E
21,375,524,850,EJIGBO,IBADAN,E
21,376,524,850,EKO-ENDE,IBADAN,E
21,377,524,850,EKOSIN,IBADAN,E
21,378,524,850,EKUSA,IBADAN,E
21,379,524,850,ERE- IJESA,IBADAN,E
21,380,524,850,ERIN-IJESA,IBADAN,E
21,381,524,850,ERINMO,IBADAN,E
21,382,524,850,ERIN-OSUN,IBADAN,E
21,383,524,850,ERIPA,IBADAN,E
21,384,524,850,ERUMU,IBADAN,E
21,385,524,850,ESA OKE,IBADAN,E
21,386,524,850,ESA-ODO,IBADAN,E
21,387,524,850,ETI-ONI,IBADAN,E
21,388,524,850,FAGBEWESA,IBADAN,E
21,389,524,850,FIDITI,IBADAN,E
21,390,524,850,GAMBARI OGBOMOSHO,IBADAN,E
21,391,524,850,GBADE,IBADAN,E
21,392,524,850,GBADE OGBOMOSHO,IBADAN,E
21,393,524,850,IBODI,IBADAN,E
21,394,524,850,IBOKUN,IBADAN,E
21,395,524,850,IDDO,IBADAN,E
21,396,524,850,IDDO-OGA,IBADAN,E
21,397,524,850,IDOMINASI,IBADAN,E
21,398,524,850,IDO-OSUN,IBADAN,E
21,399,524,850,IFE-ODAN,IBADAN,E
21,400,524,850,IFETEDO,IBADAN,E
21,401,524,850,IFEWARA,IBADAN,E
21,402,524,850,IFON-OSUN,IBADAN,E
21,403,524,850,IGANGAN,IBADAN,E
21,404,524,850,IGANGAN IBARAPA,IBADAN,E
21,405,524,850,IGANNA,IBADAN,E
21,406,524,850,IGBAJO,IBADAN,E
21,407,524,850,IGBAYE,IBADAN,E
21,408,524,850,IGBETTI,IBADAN,E
21,409,524,850,IGBOELERIN,IBADAN,E
21,410,524,850,IGBO-IJAIYE AE,IBADAN,E
21,411,524,850,IGBOORA,IBADAN,E
21,412,524,850,IGBOPE,IBADAN,E
21,413,524,850,IIRAGBIJI,IBADAN,E
21,414,524,850,IJABE,IBADAN,E
22,415,524,850,IJADO-OGBOMOSHO,IBADAN,E
22,416,524,850,IJEDA,IBADAN,E
22,417,524,850,IJERU,IBADAN,E
22,418,524,850,IJIO,IBADAN,E
22,419,524,850,IKIRE,IBADAN,E
22,420,524,850,IKIRUN,IBADAN,E
22,421,524,850,IKOMU,IBADAN,E
22,422,524,850,IKOYI - ILE,IBADAN,E
22,423,524,850,IKUA,IBADAN,E
22,424,524,850,ILADO,IBADAN,E
22,425,524,850,ILA-ORANGUN,IBADAN,E
22,426,524,850,ILAWO,IBADAN,E
22,427,524,850,ILE-IFE,IBADAN,E
22,428,524,850,ILE-OGBO,IBADAN,E
22,429,524,850,ILESA,IBADAN,E
22,430,524,850,ILIE,IBADAN,E
22,431,524,850,ILOBU,IBADAN,E
22,432,524,850,ILOKO - IJESA,IBADAN,E
22,433,524,850,ILORA,IBADAN,E
22,434,524,850,IMESI-ILE,IBADAN,E
22,435,524,850,IMINI,IBADAN,E
22,436,524,850,INISHA,IBADAN,E
22,437,524,850,IPETU- JESA,IBADAN,E
22,438,524,850,IPETU-ILE,IBADAN,E
22,439,524,850,IPETUMODU,IBADAN,E
22,440,524,850,IPONDA-IJESHA,IBADAN,E
22,441,524,850,IRAGBERI,IBADAN,E
22,442,524,850,IRAWO,IBADAN,E
22,443,524,850,IREE,IBADAN,E
22,444,524,850,IRESADU,IBADAN,E
22,445,524,850,IRESI,IBADAN,E
22,446,524,850,IROGBA OGBOMOSHO,IBADAN,E
22,447,524,850,ISALE AFON,IBADAN,E
22,448,524,850,ISALE ALFA,IBADAN,E
22,449,524,850,ISALE ORA,IBADAN,E
22,450,524,850,ISALE OYO,IBADAN,E
22,451,524,850,ISEKE,IBADAN,E
22,452,524,850,ISEMILE,IBADAN,E
22,453,524,850,ISEYIN,IBADAN,E
22,454,524,850,ISOKUN,IBADAN,E
22,455,524,850,ISOKUN STREEET,IBADAN,E
22,456,524,850,ISUNDURIN,IBADAN,E
22,457,524,850,ITA IJOKA,IBADAN,E
22,458,524,850,IWARAJA,IBADAN,E
22,459,524,850,IWERE ILE,IBADAN,E
22,460,524,850,IWO,IBADAN,E
22,461,524,850,IWO ATE,IBADAN,E
23,462,524,850,IWOYE - IJESA,IBADAN,E
23,463,524,850,IWOYE-IJESA,IBADAN,E
23,464,524,850,JABATA,IBADAN,E
23,465,524,850,JAGUN,IBADAN,E
23,466,524,850,JOBELE,IBADAN,E
23,467,524,850,KAJOLA,IBADAN,E
23,468,524,850,KOLA-BALOGUN,IBADAN,E
23,469,524,850,KOLOKO,IBADAN,E
23,470,524,850,LAGUN,IBADAN,E
23,471,524,850,LANLATE,IBADAN,E
23,472,524,850,MAFOWORADE,IBADAN,E
23,473,524,850,MASIFA,IBADAN,E
23,474,524,850,MODAKEKE,IBADAN,E
23,475,524,850,MORO,IBADAN,E
23,476,524,850,OBAAGUN,IBADAN,E
23,477,524,850,OBADA,IBADAN,E
23,478,524,850,OBA-ILE,IBADAN,E
23,479,524,850,ODE-OMU,IBADAN,E
23,480,524,850,ODEYINKA,IBADAN,E
23,481,524,850,ODO-IRO STR.,IBADAN,E
23,482,524,850,OFFIKI,IBADAN,E
23,483,524,850,OGALA IWARE,IBADAN,E
23,484,524,850,OGBAAGBA,IBADAN,E
23,485,524,850,OGBOMOSHO,IBADAN,E
23,486,524,850,OGBORO,IBADAN,E
23,487,524,850,OGURO,IBADAN,E
23,488,524,850,OJE OWODE,IBADAN,E
23,489,524,850,OKAKA,IBADAN,E
23,490,524,850,OKE ELERIN,IBADAN,E
23,491,524,850,OKE-AFO,IBADAN,E
23,492,524,850,OKE-BALE,IBADAN,E
23,493,524,850,OKEBODE,IBADAN,E
23,494,524,850,OKE-ILA,IBADAN,E
23,495,524,850,OKEIYIN-ILESA,IBADAN,E
23,496,524,850,OKIA,IBADAN,E
23,497,524,850,OKINNI,IBADAN,E
23,498,524,850,OKO OGBOMOSHO,IBADAN,E
23,499,524,850,OKUA,IBADAN,E
23,500,524,850,OLLA,IBADAN,E
23,501,524,850,OLONKORO,IBADAN,E
23,502,524,850,OLOSE,IBADAN,E
23,503,524,850,OLUPONNA,IBADAN,E
23,504,524,850,OMIFUNFUN,IBADAN,E
23,505,524,850,OMIGBODI,IBADAN,E
23,506,524,850,ONOGBODOGI,IBADAN,E
23,507,524,850,ORA,IBADAN,E
23,508,524,850,ORILE-OWU,IBADAN,E
24,509,524,850,OROLU,IBADAN,E
24,510,524,850,ORORUWO,IBADAN,E
24,511,524,850,OSU,IBADAN,E
24,512,524,850,OTA-EFUN,IBADAN,E
24,513,524,850,OTAMOKUN,IBADAN,E
24,514,524,850,OTAN - ILE,IBADAN,E
24,515,524,850,OTAN AYEGBAJU,IBADAN,E
24,516,524,850,OYI AJEGUNLE,IBADAN,E
24,517,524,850,OYO,IBADAN,E
24,518,524,850,SEKONA,IBADAN,E
24,519,524,850,SEPETERI,IBADAN,E
24,520,524,850,SONGBE,IBADAN,E
24,521,524,850,TEDE,IBADAN,E
24,522,524,850,TELEMU,IBADAN,E
24,523,524,850,TEMIDIRE IMADIN,IBADAN,E
24,524,524,850,TEWURE,IBADAN,E
24,525,524,850,WASINMI,IBADAN,E
24,526,629,1700,ABA MOPE,IBADAN,R
24,527,629,1700,ADO-AWAYE,IBADAN,R
24,528,629,1700,AGO-ARE,IBADAN,R
24,529,629,1700,AWE,IBADAN,R
24,530,629,1700,Awe,IBADAN,R
24,531,629,1700,EDE,IBADAN,R
24,532,629,1700,EJIOKU,IBADAN,R
24,533,629,1700,ERUWA,IBADAN,R
24,534,629,1700,IBA,IBADAN,R
24,535,629,1700,IGBORA,IBADAN,R
24,536,629,1700,IJAWAYA,IBADAN,R
24,537,629,1700,IJAYE,IBADAN,R
24,538,629,1700,IJEBU-IJESA,IBADAN,R
24,539,629,1700,IKEREKU,IBADAN,R
24,540,629,1700,ILE-IGBON,IBADAN,R
24,541,629,1700,ILOBU,IBADAN,R
24,542,629,1700,IMO,IBADAN,R
24,543,629,1700,IPAPO,IBADAN,R
24,544,629,1700,IPETU-IJESA,IBADAN,R
24,545,629,1700,IRESA ADU,IBADAN,R
24,546,629,1700,IROKO,IBADAN,R
24,547,629,1700,OFFA IGBO,IBADAN,R
24,548,629,1700,OGUNGBAYI,IBADAN,R
24,549,629,1700,OKE -OFFA,IBADAN,R
24,550,629,1700,OKE-ALARO,IBADAN,R
24,551,629,1700,OKEHO,IBADAN,R
24,552,629,1700,OKORO VILLAGE,IBADAN,R
24,553,629,1700,OKUKU,IBADAN,R
24,554,629,1700,OKUKU IBADAN,IBADAN,R
24,555,629,1700,OLUNLOYO VILLAGE,IBADAN,R
25,556,629,1700,ONA - ORA,IBADAN,R
25,557,629,1700,OYAN,IBADAN,R
25,558,629,1700,SAKI,IBADAN,R
25,559,629,1700,SANSI,IBADAN,R
25,560,629,1700,TAPA,IBADAN,R
25,561,524,850,ADAFILA,ILORIN,E
25,562,524,850,AFON,ILORIN,E
25,563,524,850,AGBAMU,ILORIN,E
25,564,524,850,AJASE-IPO,ILORIN,E
25,565,524,850,ARANDUN,ILORIN,E
25,566,524,850,ARAN-ORIN,ILORIN,E
25,567,524,850,ARMTI,ILORIN,E
25,568,524,850,BABANLA,ILORIN,E
25,569,524,850,BACITA,ILORIN,E
25,570,524,850,BODE SAADU,ILORIN,E
25,571,524,850,BODE SADU,ILORIN,E
25,572,524,850,Bode-Saadu,ILORIN,E
25,573,524,850,EGBE,ILORIN,E
25,574,524,850,EKAN MEJE,ILORIN,E
25,575,524,850,ERIN ILE,ILORIN,E
25,576,524,850,ERIN-ILE,ILORIN,E
25,577,524,850,ERUKU,ILORIN,E
25,578,524,850,IGBAJA/OKE-ODE,ILORIN,E
25,579,524,850,Igbaja/Oke-Ode,ILORIN,E
25,580,524,850,IGBARA OKE ODE,ILORIN,E
25,581,524,850,IGBETI,ILORIN,E
25,582,524,850,IGBOHO,ILORIN,E
25,583,524,850,IGOSUN,ILORIN,E
25,584,524,850,IJARA-ISIN,ILORIN,E
25,585,524,850,Ijomu -Oro,ILORIN,E
25,586,524,850,IJOMU-ORO,ILORIN,E
25,587,524,850,IKUTA,ILORIN,E
25,588,524,850,ILALA,ILORIN,E
25,589,524,850,ILEMONA,ILORIN,E
25,590,524,850,ILOFFA/ODO-OWA/OBBO,ILORIN,E
25,591,524,850,ILOKO-IJESA,ILORIN,E
25,592,524,850,ILUDUN-ORO,ILORIN,E
25,593,524,850,IPEE,ILORIN,E
25,594,524,850,IPERINDO,ILORIN,E
25,595,524,850,IRRA,ILORIN,E
25,596,524,850,ISANLU-ISIN,ILORIN,E
25,597,524,850,ISARE,ILORIN,E
25,598,524,850,ISIN,ILORIN,E
25,599,524,850,IWARA,ILORIN,E
25,600,524,850,IWO ISIN,ILORIN,E
25,601,524,850,IWO-ISIN,ILORIN,E
25,602,524,850,JEBBA,ILORIN,E
26,603,524,850,KAIAMA,ILORIN,E
26,604,524,850,KISHI,ILORIN,E
26,605,524,850,KOSUBOSUN,ILORIN,E
26,606,524,850,LADUBA,ILORIN,E
26,607,524,850,LAFIAJI,ILORIN,E
26,608,524,850,MALETE,ILORIN,E
26,609,524,850,MOKWA,ILORIN,E
26,610,524,850,NCAM,ILORIN,E
26,611,524,850,OBBO AIYEGUNLE,ILORIN,E
26,612,524,850,OBBO AYIEGUNLE,ILORIN,E
26,613,524,850,OBBO ILE,ILORIN,E
26,614,524,850,Obbo-Ile,ILORIN,E
26,615,524,850,OFFA,ILORIN,E
26,616,524,850,OGBONDORONKO,ILORIN,E
26,617,524,850,OJOKU,ILORIN,E
26,618,524,850,OKE ODE,ILORIN,E
26,619,524,850,OKE ONIGBIN,ILORIN,E
26,620,524,850,OKE-ONIGBIN,ILORIN,E
26,621,524,850,Oke-Onigbin,ILORIN,E
26,622,524,850,OKE-OYI,ILORIN,E
26,623,524,850,OKO,ILORIN,E
26,624,524,850,OLORU,ILORIN,E
26,625,524,850,OMO-IJESHA,ILORIN,E
26,626,524,850,OMU ARAN,ILORIN,E
26,627,524,850,ORO,ILORIN,E
26,628,524,850,ORO AGO,ILORIN,E
26,629,524,850,ORO-AGO,ILORIN,E
26,630,524,850,OSI,ILORIN,E
26,631,524,850,OTTE,ILORIN,E
26,632,524,850,OWU ISIN,ILORIN,E
26,633,524,850,OWU-ISIN,ILORIN,E
26,634,524,850,PATEGI,ILORIN,E
26,635,524,850,SANMORA,ILORIN,E
26,636,524,850,SHARE,ILORIN,E
26,637,629,1700,ILESA BARUBA,ILORIN,R
26,638,629,1700,KAINJI,ILORIN,R
26,639,629,1700,NEW BUSSA,ILORIN,R
26,640,524,850,AKWANGA,JOS,E
26,641,524,850,B/LADI,JOS,E
26,642,524,850,BASSA,JOS,E
26,643,524,850,BOKKOS,JOS,E
26,644,524,850,DUDUGURU,JOS,E
26,645,524,850,FEDERAL COLLEGE OF EDUCATION,JOS,E
26,646,524,850,GARKAWA,JOS,E
26,647,524,850,GINDIRI,JOS,E
26,648,524,850,JENGRE,JOS,E
26,649,524,850,KERANG,JOS,E
27,650,524,850,MADA STATION,JOS,E
27,651,524,850,MILITARY CONT. RUKUBA,JOS,E
27,652,524,850,NIPSS KURU,JOS,E
27,653,524,850,VOM,JOS,E
27,654,524,850,ZARIA ROAD,JOS,E
27,655,629,1700,AGARAGU,JOS,R
27,656,629,1700,AGYARAGU,JOS,R
27,657,629,1700,AKUNZA,JOS,R
27,658,629,1700,AMAKU VIA DOMA,JOS,R
27,659,629,1700,AMPAM,JOS,R
27,660,629,1700,AMPAMG WEST,JOS,R
27,661,629,1700,ANGWARE (EAST JOS),JOS,R
27,662,629,1700,ASSAKIO,JOS,R
27,663,629,1700,AWE LGC,JOS,R
27,664,629,1700,AZARA,JOS,R
27,665,629,1700,BA'AP,JOS,R
27,666,629,1700,BARKIN LADI,JOS,R
27,667,629,1700,BOKKOS,JOS,R
27,668,629,1700,BUKURU,JOS,R
27,669,629,1700,CHIP,JOS,R
27,670,629,1700,COLEGE OF ACCOUNTACY JOS,KWAL,R
27,671,629,1700,DAFFO,JOS,R
27,672,629,1700,DANGI / KANAM,JOS,R
27,673,629,1700,DEMSHIN,JOS,R
27,674,629,1700,DENGI,JOS,R
27,675,629,1700,DOEMAK,JOS,R
27,676,629,1700,DOMA,JOS,R
27,677,629,1700,DOMA,JOS,R
27,678,629,1700,DORUWA,JOS,R
27,679,629,1700,GANAWURI,JOS,R
27,680,629,1700,GUDI,JOS,R
27,681,629,1700,GWANTU,JOS,R
27,682,629,1700,Gwantu/Sanga,JOS,R
27,683,629,1700,GYEL,JOS,R
27,684,629,1700,JENGRI,JOS,R
27,685,629,1700,JOS AIRPORT,JOS,R
27,686,629,1700,JOS EAST,JOS,R
27,687,629,1700,KABWIR,JOS,R
27,688,629,1700,KANKE,JOS,R
27,689,629,1700,KARDEKO,JOS,R
27,690,629,1700,KOANA,JOS,R
27,691,629,1700,KURA FALLS,JOS,R
27,692,629,1700,KURGWI,JOS,R
27,693,629,1700,KURU,JOS,R
27,694,629,1700,KURU,JOS,R
27,695,629,1700,KWAL,JOS,R
27,696,629,1700,KWANDE,JOS,R
28,697,629,1700,LAMINGA,JOS,R
28,698,629,1700,LANGTANG,JOS,R
28,699,629,1700,LERE,JOS,R
28,700,629,1700,MABUDI,JOS,R
28,701,629,1700,MANGU,JOS,R
28,702,629,1700,MIANGO,JOS,R
28,703,629,1700,MIKANG,JOS,R
28,704,629,1700,MISTA ALI,JOS,R
28,705,629,1700,NAMU,JOS,R
28,706,629,1700,NASSARAWA EGGON,JOS,R
28,707,629,1700,NASSRAWA EGON,JOS,R
28,708,629,1700,OBI,JOS,R
28,709,629,1700,PANKSHIN,JOS,R
28,710,629,1700,PANYAM,JOS,R
28,711,629,1700,PPMC,JOS,R
28,712,629,1700,QUAN-PAN,JOS,R
28,713,629,1700,RIYOM,JOS,R
28,714,629,1700,SAMINAKA,JOS,R
28,715,629,1700,SANGA,JOS,R
28,716,629,1700,SHABU,JOS,R
28,717,629,1700,SHENDAM,JOS,R
28,718,629,1700,TORO,JOS,R
28,719,629,1700,TUNKUS,JOS,R
28,720,629,1700,WAMBA,JOS,R
28,721,629,1700,WASE,JOS,R
28,722,629,1700,YELWA-ISHAR,JOS,R
28,723,629,1700,ZALLAKI,JOS,R
28,724,629,1700,ZAMKO,JOS,R
28,725,524,850,BIRNIN-GWARI,KADUNA,E
28,726,524,850,DUTSE,KADUNA,E
28,727,524,850,GIWA,KADUNA,E
28,728,524,850,IGABI - TURUKU,KADUNA,E
28,729,524,850,JANRUWA,KADUNA,E
28,730,524,850,JEMA'A - KAFANCHAN,KADUNA,E
28,731,524,850,KAFANCHAN,KADUNA,E
28,732,524,850,KARATUDU,KADUNA,E
28,733,524,850,MARABAN JOS,KADUNA,E
28,734,524,850,MARABAN RIDO,KADUNA,E
28,735,524,850,SABON GANYA,KADUNA,E
28,736,629,1700,BADIKO,KADUNA,R
28,737,629,1700,CHIKUM L.G. SE.,KADUNA,R
28,738,629,1700,FADA - KAGOMA,KADUNA,R
28,739,629,1700,GODOGODO,KADUNA,R
28,740,629,1700,GWANTU,KADUNA,R
28,741,629,1700,GWANTU SANGA,KADUNA,R
28,742,629,1700,IGABI LG,KADUNA,R
28,743,629,1700,JABA - KWOI,KADUNA,R
29,744,629,1700,JAJI KADUNA COVERAGE,KADUNA,R
29,745,629,1700,JANKASA,KADUNA,R
29,746,629,1700,KACHIA,KADUNA,R
29,747,629,1700,KAGARKO,KADUNA,R
29,748,629,1700,KAGORO,KADUNA,R
29,749,629,1700,KAJURU,KADUNA,R
29,750,629,1700,KAMURU,KADUNA,R
29,751,629,1700,KARUA MANCHOK,KADUNA,R
29,752,629,1700,KAURA,KADUNA,R
29,753,629,1700,KAURU,KADUNA,R
29,754,629,1700,KUBACHA,KADUNA,R
29,755,629,1700,KUBAU - ANCHAU,KADUNA,R
29,756,629,1700,KUDAN - HUNKUYI,KADUNA,R
29,757,629,1700,KURMI - MASA,KADUNA,R
29,758,629,1700,Kurmim Sidei (Kachia),KADUNA,R
29,759,629,1700,KURMIM SIDEI KACHIA,KADUNA,R
29,760,629,1700,Kurmi-Musa,KADUNA,R
29,761,629,1700,KWOI,KADUNA,R
29,762,629,1700,MADAKIYA- KAFANCHAN,KADUNA,R
29,763,629,1700,MANCHOK,KADUNA,R
29,764,629,1700,SAMINAKA LERE,KADUNA,R
29,765,629,1700,SANGA - QWANTU,KADUNA,R
29,766,629,1700,WASA STATION,KADUNA,R
29,767,629,1700,WUSASA,KADUNA,R
29,768,629,1700,ZANGON KATAF,KADUNA,R
29,769,629,1700,ZONKWOA,KADUNA,R
29,770,524,850,BICHI,KANO,E
29,771,524,850,BRINI KUDU,KANO,E
29,772,524,850,BUKURE,KANO,E
29,773,524,850,CHROMAWA,KANO,E
29,774,524,850,DANBATA,KANO,E
29,775,524,850,DANBATTA,KANO,E
29,776,524,850,GARKO,KANO,E
29,777,524,850,GAYA,KANO,E
29,778,524,850,GAZAWA,KANO,E
29,779,524,850,GEWAZA,KANO,E
29,780,524,850,GWAZO,KANO,E
29,781,524,850,JANGUZA,KANO,E
29,782,524,850,KABO,KANO,E
29,783,524,850,KACHAKO,KANO,E
29,784,524,850,KARAYE,KANO,E
29,785,524,850,KAZAURE,KANO,E
29,786,524,850,KURA,KANO,E
29,787,524,850,MINJIBRI,KANO,E
29,788,524,850,PANSHEKARA,KANO,E
29,789,524,850,TAKAI,KANO,E
29,790,524,850,TOKARAWA,KANO,E
30,791,524,850,TUDUN WADA,KANO,E
30,792,524,850,WUDIL,KANO,E
30,793,524,850,ZAKIRAI,KANO,E
30,794,629,1700,ALBASA,KANO,R
30,795,629,1700,ANJARA,KANO,R
30,796,629,1700,AUYO,KANO,R
30,797,629,1700,BABURA,KANO,R
30,798,629,1700,BAGWAI,KANO,R
30,799,629,1700,BIRINIWA,KANO,R
30,800,629,1700,BUNKURE,KANO,R
30,801,629,1700,DANGORA,KANO,R
30,802,629,1700,DAWAKI KUDU,KANO,R
30,803,629,1700,DAWAKITOFA,KANO,R
30,804,629,1700,DOGUWAR,KANO,R
30,805,629,1700,GAGARAWA,KANO,R
30,806,629,1700,GARKI,KANO,R
30,807,629,1700,GEIDAM,KANO,R
30,808,629,1700,GUMEL,KANO,R
30,809,629,1700,GWARAM,KANO,R
30,810,629,1700,GWIWA,KANO,R
30,811,629,1700,HADEJIA,KANO,R
30,812,629,1700,JAHUN,KANO,R
30,813,629,1700,KAFIN HAUSA,KANO,R
30,814,629,1700,KAUGAMA,KANO,R
30,815,629,1700,KEFFI MAIYALI,KANO,R
30,816,629,1700,KINIKASAMA,KANO,R
30,817,629,1700,KIRU,KANO,R
30,818,629,1700,KIYAWA,KANO,R
30,819,629,1700,KWAKWANSO,KANO,R
30,820,629,1700,MADOBI,KANO,R
30,821,629,1700,MAIGATIRI,KANO,R
30,822,629,1700,MALAMADORI,KANO,R
30,823,629,1700,RANO,KANO,R
30,824,629,1700,RIGIMI,KANO,R
30,825,629,1700,RIMIGADO,KANO,R
30,826,629,1700,RINGIM,KANO,R
30,827,629,1700,RONI,KANO,R
30,828,629,1700,SHANONO,KANO,R
30,829,629,1700,SHUWARIN,KANO,R
30,830,629,1700,SUMAILA,KANO,R
30,831,629,1700,TSANYAWA,KANO,R
30,832,629,1700,TUDUWADA,KANO,R
30,833,629,1700,ZAKARI,KANO,R
30,834,524,850,BATAGARAWA,KATSINA,E
30,835,524,850,BATSARI,KATSINA,E
30,836,524,850,CHARANCHI,KATSINA,E
30,837,524,850,DAURA,KATSINA,E
31,838,524,850,DUTSINMA,KATSINA,E
31,839,524,850,JIBIA,KATSINA,E
31,840,524,850,KANKIA,KATSINA,E
31,841,524,850,KUSADA,KATSINA,E
31,842,524,850,RIMI,KATSINA,E
31,843,629,1700,BAKORI,KATSINA,R
31,844,629,1700,BATSARI,KATSINA,R
31,845,629,1700,BAURE,KATSINA,R
31,846,629,1700,BAURE,KATSINA,R
31,847,629,1700,BINDAWA,KATSINA,R
31,848,629,1700,DANDUME,KATSINA,R
31,849,629,1700,DANMUSA,KATSINA,R
31,850,629,1700,DEYI,KATSINA,R
31,851,629,1700,DUTSI,KATSINA,R
31,852,629,1700,INGAWA,KATSINA,R
31,853,629,1700,KAFUR,KATSINA,R
31,854,629,1700,KAITA,KATSINA,R
31,855,629,1700,KANKARA,KATSINA,R
31,856,629,1700,KATSINA JIBIA,KATSINA,R
31,857,629,1700,KURFI,KATSINA,R
31,858,629,1700,KUSADA,KATSINA,R
31,859,629,1700,MAI'ADUA,KATSINA,R
31,860,629,1700,MANI,KATSINA,R
31,861,629,1700,MASHI,KATSINA,R
31,862,629,1700,MATAZU,KATSINA,R
31,863,629,1700,MATAZU,KATSINA,R
31,864,629,1700,MUSAWA,KATSINA,R
31,865,629,1700,SABUWA,KATSINA,R
31,866,629,1700,SAFANA,KATSINA,R
31,867,629,1700,SAFANA,KATSINA,R
31,868,629,1700,SANDAMU,KATSINA,R
31,869,629,1700,YANDAKI,KATSINA,R
31,870,629,1700,ZANGO,KATSINA,R
31,871,524,850,ADIYAN,LAGOS,E
31,872,524,850,AGBADO,LAGOS,E
31,873,524,850,AJAH,LAGOS,E
31,874,524,850,AJUWON,LAGOS,E
31,875,524,850,ALABA,LAGOS,E
31,876,524,850,IBA,LAGOS,E
31,877,524,850,IDIMU,LAGOS,E
31,878,524,850,IGBAJA,LAGOS,E
31,879,524,850,IJANIKI /OTTO,LAGOS,E
31,880,524,850,IKOTUN,LAGOS,E
31,881,524,850,ISHERI OSHUN,LAGOS,E
31,882,524,850,IWOPIN,LAGOS,E
31,883,524,850,OFADA,LAGOS,E
31,884,524,850,OJO,LAGOS,E
32,885,524,850,OKE-ARO,LAGOS,E
32,886,524,850,OKOKOMAIKO,LAGOS,E
32,887,629,1700,AGBARA,LAGOS,R
32,888,629,1700,AGBOWA,LAGOS,R
32,889,629,1700,AJEGUNLE OTTA,LAGOS,R
32,890,629,1700,AJEGUNLE SHAGAMU,LAGOS,R
32,891,629,1700,AJILETE,LAGOS,R
32,892,629,1700,ATAN OTTA,LAGOS,R
32,893,629,1700,BADAGRY,LAGOS,R
32,894,629,1700,EPE,LAGOS,R
32,895,629,1700,EPE,LAGOS,R
32,896,629,1700,EREDO,LAGOS,R
32,897,629,1700,IBEJU LEKKI,LAGOS,R
32,898,629,1700,IDIROKO,LAGOS,R
32,899,629,1700,IFO,LAGOS,R
32,900,629,1700,IGBESA-OTTA,LAGOS,R
32,901,629,1700,IGBOGBO,LAGOS,R
32,902,629,1700,IGBOGILA,LAGOS,R
32,903,629,1700,IJAKO OTTA,LAGOS,R
32,904,629,1700,IJANIKIN,LAGOS,R
32,905,629,1700,IJEBU-ODE,LAGOS,R
32,906,629,1700,IKORODU,LAGOS,R
32,907,629,1700,ILOGBO,LAGOS,R
32,908,629,1700,ILOGBO OTTA,LAGOS,R
32,909,629,1700,IMOTA,LAGOS,R
32,910,629,1700,IYESI OTTA,LAGOS,R
32,911,629,1700,JOGA-ORILE,LAGOS,R
32,912,629,1700,LAKOWE,LAGOS,R
32,913,629,1700,MOSIMI,LAGOS,R
32,914,629,1700,MOSIMI,LAGOS,R
32,915,629,1700,MOWE IBAFO,LAGOS,R
32,916,629,1700,OGBERE,LAGOS,R
32,917,629,1700,OGIJO,LAGOS,R
32,918,629,1700,OKE-ARO,LAGOS,R
32,919,629,1700,OTO-AWORI,LAGOS,R
32,920,629,1700,OTTA,LAGOS,R
32,921,629,1700,OWODE,LAGOS,R
32,922,629,1700,SANGO OTTA,LAGOS,R
32,923,629,1700,SEME,LAGOS,R
32,924,629,1700,SHAGAMU,LAGOS,R
32,925,629,1700,SNAKE-ISLAND,LAGOS,R
32,926,629,1700,TARKWA BAY,LAGOS,R
32,927,524,850,AGBENEMA,LOKOJA,E
32,928,524,850,AIYEGUNLE - GBEDE,LOKOJA,E
32,929,524,850,EKINRIN-ADE,LOKOJA,E
32,930,524,850,IFE-IJUMU,LOKOJA,E
32,931,524,850,IHIMA,LOKOJA,E
33,932,524,850,IKOY-IJUMU,LOKOJA,E
33,933,524,850,KOTON-KARFE,LOKOJA,E
33,934,524,850,MAGONGO,LOKOJA,E
33,935,524,850,ODEKE,LOKOJA,E
33,936,524,850,OGALA,LOKOJA,E
33,937,524,850,OKENE,LOKOJA,E
33,938,524,850,OKENGWE,LOKOJA,E
33,939,629,1700,ABEJUKOLO,LOKOJA,R
33,940,629,1700,ABOCHO,LOKOJA,R
33,941,629,1700,ADOGO,LOKOJA,R
33,942,629,1700,ADORU,LOKOJA,R
33,943,629,1700,AGBAJA,LOKOJA,R
33,944,629,1700,AGBUKOLO ABEJUKOLO,LOKOJA,R
33,945,629,1700,AGOJEJU-ODO,LOKOJA,R
33,946,629,1700,AIYETOTORO-GBEDE,LOKOJA,R
33,947,629,1700,AJAKA,LOKOJA,R
33,948,629,1700,AKUTUPA,LOKOJA,R
33,949,629,1700,ALOMA,LOKOJA,R
33,950,629,1700,ALU,LOKOJA,R
33,951,629,1700,AMURO,LOKOJA,R
33,952,629,1700,AYAGBA,LOKOJA,R
33,953,629,1700,AYANANGBA,LOKOJA,R
33,954,629,1700,AYERE,LOKOJA,R
33,955,629,1700,AYILAMO,LOKOJA,R
33,956,629,1700,BAGANA,LOKOJA,R
33,957,629,1700,DEKINA,LOKOJA,R
33,958,629,1700,ECHENEME,LOKOJA,R
33,959,629,1700,EGBE MEKUN,LOKOJA,R
33,960,629,1700,EGBEDA-EGGA,LOKOJA,R
33,961,629,1700,EGUME,LOKOJA,R
33,962,629,1700,EJIBA,LOKOJA,R
33,963,629,1700,EJUKU,LOKOJA,R
33,964,629,1700,EJULE,LOKOJA,R
33,965,629,1700,EJULE-ONE,LOKOJA,R
33,966,629,1700,EKIRIN - ADDE,LOKOJA,R
33,967,629,1700,IDAH HO,LOKOJA,R
33,968,629,1700,IDOFIN,LOKOJA,R
33,969,629,1700,IFE - OLUKOTUN,LOKOJA,R
33,970,629,1700,IGBAGUN,LOKOJA,R
33,971,629,1700,IGBARUKU OKE,LOKOJA,R
33,972,629,1700,IJOWA,LOKOJA,R
33,973,629,1700,ILUKE-BUNU,LOKOJA,R
33,974,629,1700,IMANE,LOKOJA,R
33,975,629,1700,INYE,LOKOJA,R
33,976,629,1700,ITAMA,LOKOJA,R
33,977,629,1700,ITOBE,LOKOJA,R
33,978,629,1700,IYA-GBEDE,LOKOJA,R
34,979,629,1700,IYAMOYE,LOKOJA,R
34,980,629,1700,IYARA,LOKOJA,R
34,981,629,1700,IYEDE OPPA,LOKOJA,R
34,982,629,1700,JEGE,LOKOJA,R
34,983,629,1700,KOLOKE,LOKOJA,R
34,984,629,1700,KPATA,LOKOJA,R
34,985,629,1700,MAKUTU,LOKOJA,R
34,986,629,1700,MOPO,LOKOJA,R
34,987,629,1700,MOSUM,LOKOJA,R
34,988,629,1700,OCHADAMU,LOKOJA,R
34,989,629,1700,ODO APE,LOKOJA,R
34,990,629,1700,ODO ARA,LOKOJA,R
34,991,629,1700,ODO ERE,LOKOJA,R
34,992,629,1700,ODO ERE,LOKOJA,R
34,993,629,1700,ODO ERI,LOKOJA,R
34,994,629,1700,ODO-ERE,LOKOJA,R
34,995,629,1700,ODU,LOKOJA,R
34,996,629,1700,OFORACHI,LOKOJA,R
34,997,629,1700,OFUGO,LOKOJA,R
34,998,629,1700,OGBELOKO,LOKOJA,R
34,999,629,1700,OGGA,LOKOJA,R
34,1000,629,1700,OGIDI,LOKOJA,R
34,1001,629,1700,OGODU,LOKOJA,R
34,1002,629,1700,OGORI,LOKOJA,R
34,1003,629,1700,OGUGU,LOKOJA,R
34,1004,629,1700,OGUMA,LOKOJA,R
34,1005,629,1700,OKABA,LOKOJA,R
34,1006,629,1700,OKPO,LOKOJA,R
34,1007,629,1700,OLLE-BUNU,LOKOJA,R
34,1008,629,1700,ONENWEN,LOKOJA,R
34,1009,629,1700,ONYEDEGA,LOKOJA,R
34,1010,629,1700,OSARA,LOKOJA,R
34,1011,629,1700,OTOBE-AJA ADOYI,LOKOJA,R
34,1012,629,1700,PONYAN,LOKOJA,R
34,1013,629,1700,TAKETE ISAO,LOKOJA,R
34,1014,629,1700,UGWOLAWO,LOKOJA,R
34,1015,629,1700,UJEH,LOKOJA,R
34,1016,629,1700,UNALE,LOKOJA,R
34,1017,629,1700,ASKIRA UBA,MAIDUGURI,R
34,1018,629,1700,BADE GASHUA,MAIDUGURI,R
34,1019,629,1700,BAGA,MAIDUGURI,R
34,1020,629,1700,BAMA,MAIDUGURI,R
34,1021,629,1700,BIU,MAIDUGURI,R
34,1022,629,1700,CHIBOK,MAIDUGURI,R
34,1023,629,1700,DAMBOA,MAIDUGURI,R
34,1024,629,1700,DIKWA,MAIDUGURI,R
34,1025,629,1700,GAMBORU-NGALA,MAIDUGURI,R
35,1026,629,1700,GUBIO,MAIDUGURI,R
35,1027,629,1700,GWOZAONA,MAIDUGURI,R
35,1028,629,1700,HAWUL,MAIDUGURI,R
35,1029,629,1700,JERE,MAIDUGURI,R
35,1030,629,1700,KUKAWA,MAIDUGURI,R
35,1031,629,1700,KWAYA KURSA,MAIDUGURI,R
35,1032,629,1700,KWAYA-KURSA,MAIDUGURI,R
35,1033,629,1700,LASSA,MAIDUGURI,R
35,1034,629,1700,MAFA,MAIDUGURI,R
35,1035,629,1700,MALLAM FATORI,MAIDUGURI,R
35,1036,629,1700,MARTE,MAIDUGURI,R
35,1037,629,1700,MOBBAR,MAIDUGURI,R
35,1038,629,1700,MONGUNO,MAIDUGURI,R
35,1039,629,1700,SHANI,MAIDUGURI,R
35,1040,524,850,GBOKO AND YANDEV,MAKURDI,E
35,1041,629,1700,KATSINA ALA,MAKURDI,R
35,1042,629,1700,ZAKI BIAM,MAKURDI,R
35,1043,524,850,ABINSI,MAKURDI,E
35,1044,524,850,APIR,MAKURDI,E
35,1045,524,850,DAUDU,MAKURDI,E
35,1046,524,850,FED HOUSING AUTHORITY,MAKURDI,E
35,1047,524,850,GBAJIMBA,MAKURDI,E
35,1048,524,850,OTUKPO,MAKURDI,E
35,1049,524,850,UGBOKOLO,MAKURDI,E
35,1050,524,850,UNICORD,MAKURDI,E
35,1051,629,1700,ABEDE-SHITTILE,MAKURDI,R
35,1052,629,1700,ADI,MAKURDI,R
35,1053,629,1700,ADIKPO,MAKURDI,R
35,1054,629,1700,ADO,MAKURDI,R
35,1055,629,1700,ADOKA,MAKURDI,R
35,1056,629,1700,AGASHA,MAKURDI,R
35,1057,629,1700,AGATU,MAKURDI,R
35,1058,629,1700,AGILA,MAKURDI,R
35,1059,629,1700,AILFAM,MAKURDI,R
35,1060,629,1700,AJIO,MAKURDI,R
35,1061,629,1700,ALIADE,MAKURDI,R
35,1062,629,1700,AMUA,MAKURDI,R
35,1063,629,1700,ANVAMBE,MAKURDI,R
35,1064,629,1700,ANYIIN,MAKURDI,R
35,1065,629,1700,APA,MAKURDI,R
35,1066,629,1700,BARAKUR,MAKURDI,R
35,1067,629,1700,BURUKU,MAKURDI,R
35,1068,629,1700,EPEILO-OTUKPA,MAKURDI,R
35,1069,629,1700,F.G.G.C.,MAKURDI,R
35,1070,629,1700,GBANYI -YANDEV,MAKURDI,R
35,1071,629,1700,GBOKO,MAKURDI,R
35,1072,629,1700,HARGA,MAKURDI,R
36,1073,629,1700,IGEDDE IDOMA,MAKURDI,R
36,1074,629,1700,IGUMALE,MAKURDI,R
36,1075,629,1700,IGUMALI,MAKURDI,R
36,1076,629,1700,IHUGH,MAKURDI,R
36,1077,629,1700,IKYURAV YA,MAKURDI,R
36,1078,629,1700,IPEDE-EDUMOGA,MAKURDI,R
36,1079,629,1700,IPIGWEBE-ADOKA,MAKURDI,R
36,1080,629,1700,ISE-AGBERAGBA,MAKURDI,R
36,1081,629,1700,ITO,MAKURDI,R
36,1082,629,1700,ITOGO EKINGO,MAKURDI,R
36,1083,629,1700,JATO -AKA,MAKURDI,R
36,1084,629,1700,KATSINA-ALA,MAKURDI,R
36,1085,629,1700,KORINYA CITY,MAKURDI,R
36,1086,629,1700,KOTI SHANGEV-YA,MAKURDI,R
36,1087,629,1700,KOTI-YOUGH,MAKURDI,R
36,1088,629,1700,LESSEL,MAKURDI,R
36,1089,629,1700,MBAAKON,MAKURDI,R
36,1090,629,1700,MBAYONGO,MAKURDI,R
36,1091,629,1700,MIKAR,MAKURDI,R
36,1092,629,1700,MKAR,MAKURDI,R
36,1093,629,1700,NAKA,MAKURDI,R
36,1094,629,1700,OJU,MAKURDI,R
36,1095,629,1700,OKPOGA,MAKURDI,R
36,1096,629,1700,ONYEGEDE,MAKURDI,R
36,1097,629,1700,OROKAM,MAKURDI,R
36,1098,629,1700,OTADA,MAKURDI,R
36,1099,629,1700,OTOBI,MAKURDI,R
36,1100,629,1700,OTUKPA,MAKURDI,R
36,1101,629,1700,PALSIHUGH,MAKURDI,R
36,1102,629,1700,SAI,MAKURDI,R
36,1103,629,1700,SANKERA,MAKURDI,R
36,1104,629,1700,TSAR-MADUKU,MAKURDI,R
36,1105,629,1700,UGBA(LOGO),MAKURDI,R
36,1106,629,1700,USHONGO,MAKURDI,R
36,1107,629,1700,UTONKON,MAKURDI,R
36,1108,629,1700,VANDEIKYA,MAKURDI,R
36,1109,629,1700,WANNUNE,MAKURDI,R
36,1110,629,1700,ZAKI - BAIM,MAKURDI,R
36,1111,524,850,BADEGGI,MINNA,E
36,1112,524,850,BIDA,MINNA,E
36,1113,524,850,KATAREGI,MINNA,E
36,1114,524,850,KUTA,MINNA,E
36,1115,524,850,LAPAI,MINNA,E
36,1116,524,850,SHIRORO,MINNA,E
36,1117,524,850,WUSHISHI,MINNA,E
36,1118,524,850,ZUNGERU,MINNA,E
36,1119,629,1700,AGAIE,MINNA,R
37,1120,629,1700,AUNA,MINNA,R
37,1121,629,1700,BETO,MINNA,R
37,1122,629,1700,DOKO,MINNA,R
37,1123,629,1700,EDATI,MINNA,R
37,1124,629,1700,ERENA,MINNA,R
37,1125,629,1700,KAFINKORO,MINNA,R
37,1126,629,1700,KAGARA,MINNA,R
37,1127,629,1700,KATCHA,MINNA,R
37,1128,629,1700,KONTAGORA,MINNA,R
37,1129,629,1700,KUTIGI,MINNA,R
37,1130,629,1700,kwamba,MINNA,R
37,1131,629,1700,LEMU,MINNA,R
37,1132,629,1700,PANDOGARI,MINNA,R
37,1133,629,1700,RIJAU,MINNA,R
37,1134,629,1700,SARKIN PAWA,MINNA,R
37,1135,629,1700,TEGINA,MINNA,R
37,1136,629,1700,TUNGA MAGAJIYA,MINNA,R
37,1137,524,850,ABAGANA,ONITSHA,E
37,1138,524,850,ABATETE,ONITSHA,E
37,1139,524,850,ACHINA,ONITSHA,E
37,1140,524,850,ADAAZI - ANI,ONITSHA,E
37,1141,524,850,ADAZI - ENU,ONITSHA,E
37,1142,524,850,ADAZI-NNUKWU,ONITSHA,E
37,1143,524,850,AFOIGWE,ONITSHA,E
37,1144,524,850,AGULU,ONITSHA,E
37,1145,524,850,AKILI OGIDI,ONITSHA,E
37,1146,524,850,AKWAEZE,ONITSHA,E
37,1147,524,850,AMADUNNU,ONITSHA,E
37,1148,524,850,AMANSEA,ONITSHA,E
37,1149,524,850,AMIKWO,ONITSHA,E
37,1150,524,850,ANWBIA,ONITSHA,E
37,1151,524,850,AWKA ETITI,ONITSHA,E
37,1152,524,850,EBENEBE,ONITSHA,E
37,1153,524,850,EKUSIGO,ONITSHA,E
37,1154,524,850,EKWULOBIA,ONITSHA,E
37,1155,524,850,EKWUSIGO,ONITSHA,E
37,1156,524,850,ENUGU - AGIDI,ONITSHA,E
37,1157,524,850,ENUGWU UKWU,ONITSHA,E
37,1158,524,850,EZEOWLLE,ONITSHA,E
37,1159,524,850,EZI-ABBA,ONITSHA,E
37,1160,524,850,GIRLS SEC. SCH OZUBULU,ONITSHA,E
37,1161,524,850,IBUSA,ONITSHA,E
37,1162,524,850,ICHIDA,ONITSHA,E
37,1163,524,850,IFITE ORAIFITE,ONITSHA,E
37,1164,524,850,IFITE-DUNU,ONITSHA,E
37,1165,524,850,IGBAKWU,ONITSHA,E
37,1166,524,850,IGBARIAM,ONITSHA,E
38,1167,524,850,IGBOUKWU,ONITSHA,E
38,1168,524,850,IHEMBOSI,ONITSHA,E
38,1169,524,850,IHIALA,ONITSHA,E
38,1170,524,850,ILAH,ONITSHA,E
38,1171,524,850,IREFI-ORAIFITE,ONITSHA,E
38,1172,524,850,ISUANIOCHA,ONITSHA,E
38,1173,524,850,ISUGWU OROFIA,ONITSHA,E
38,1174,524,850,MAKUM,ONITSHA,E
38,1175,524,850,MBAUKWU,ONITSHA,E
38,1176,524,850,MGBAGO,ONITSHA,E
38,1177,524,850,MGBAKWU,ONITSHA,E
38,1178,524,850,NANDO,ONITSHA,E
38,1179,524,850,NANKA,ONITSHA,E
38,1180,524,850,NAWFIA,ONITSHA,E
38,1181,524,850,NAWGU,ONITSHA,E
38,1182,524,850,NENI,ONITSHA,E
38,1183,524,850,NKWO-OGBE,ONITSHA,E
38,1184,524,850,NNEWI,ONITSHA,E
38,1185,524,850,NNIBO,ONITSHA,E
38,1186,524,850,NNIMO,ONITSHA,E
38,1187,524,850,NNOBI,ONITSHA,E
38,1188,524,850,NNOKWA,ONITSHA,E
38,1189,524,850,NRI,ONITSHA,E
38,1190,524,850,NSUGBE,ONITSHA,E
38,1191,524,850,OBA,ONITSHA,E
38,1192,524,850,OGWASHI UKU,ONITSHA,E
38,1193,524,850,OGWUGWU OBA,ONITSHA,E
38,1194,524,850,OJOTO,ONITSHA,E
38,1195,524,850,OJOTO-UNO,ONITSHA,E
38,1196,524,850,OKIJA,ONITSHA,E
38,1197,524,850,OKOH,ONITSHA,E
38,1198,524,850,ORAIFITE,ONITSHA,E
38,1199,524,850,ORAUKU,ONITSHA,E
38,1200,524,850,ORAUKWU,ONITSHA,E
38,1201,524,850,OTUOCHA,ONITSHA,E
38,1202,524,850,OZUBULU,ONITSHA,E
38,1203,524,850,UGAMUMA IDENI,ONITSHA,E
38,1204,524,850,UKE,ONITSHA,E
38,1205,524,850,UKWULU,ONITSHA,E
38,1206,524,850,UMUCHU,ONITSHA,E
38,1207,524,850,UMUDIOKA,ONITSHA,E
38,1208,524,850,UMUDONU,ONITSHA,E
38,1209,524,850,UMUNACHI,ONITSHA,E
38,1210,524,850,UMUNEDE,ONITSHA,E
38,1211,524,850,UMUNYA,ONITSHA,E
38,1212,524,850,UMUOJI,ONITSHA,E
38,1213,524,850,UMUONYENUORA,ONITSHA,E
39,1214,524,850,UMUOTA,ONITSHA,E
39,1215,524,850,URUDEKE,ONITSHA,E
39,1216,629,1700,ABACHA TOWN,ONITSHA,R
39,1217,629,1700,ACHALLA,ONITSHA,R
39,1218,629,1700,AFOH-AGULU,ONITSHA,R
39,1219,629,1700,AFOR AGULU,ONITSHA,R
39,1220,629,1700,AFOR -AKPO,ONITSHA,R
39,1221,629,1700,AFOR AKPU,ONITSHA,R
39,1222,629,1700,AGUATA,ONITSHA,R
39,1223,629,1700,AGULERI,ONITSHA,R
39,1224,629,1700,AGULU UZOIGBO,ONITSHA,R
39,1225,629,1700,AGURELI,ONITSHA,R
39,1226,629,1700,AJALLI,ONITSHA,R
39,1227,629,1700,AKPO,ONITSHA,R
39,1228,629,1700,AKUORA UMOTA,ONITSHA,R
39,1229,629,1700,AKWAIHEDI,ONITSHA,R
39,1230,629,1700,ALOR,ONITSHA,R
39,1231,629,1700,AMADUNU,ONITSHA,R
39,1232,629,1700,AMAESI,ONITSHA,R
39,1233,629,1700,AMANUKE,ONITSHA,R
39,1234,629,1700,AMICHI,ONITSHA,R
39,1235,629,1700,AMORKA,ONITSHA,R
39,1236,629,1700,AMORKA TOWN,ONITSHA,R
39,1237,629,1700,AMUOKA,ONITSHA,R
39,1238,629,1700,ANAM,ONITSHA,R
39,1239,629,1700,ATANI,ONITSHA,R
39,1240,629,1700,AWGBU,ONITSHA,R
39,1241,629,1700,AWKA - NORTH,ONITSHA,R
39,1242,629,1700,AWKUZU,ONITSHA,R
39,1243,629,1700,AWUDA,ONITSHA,R
39,1244,629,1700,AYAMMELUM,ONITSHA,R
39,1245,629,1700,AZIA,ONITSHA,R
39,1246,629,1700,EBENATO -AMAEFALA,ONITSHA,R
39,1247,629,1700,EKWULUMIBI,ONITSHA,R
39,1248,629,1700,ENEKWASUMP,ONITSHA,R
39,1249,629,1700,ENEKWESUMP,ONITSHA,R
39,1250,629,1700,ENUGU - ABOH,ONITSHA,R
39,1251,629,1700,ENUGU-ADAZI,ONITSHA,R
39,1252,629,1700,ENUGWU NANKA,ONITSHA,R
39,1253,629,1700,ETTE,ONITSHA,R
39,1254,629,1700,EZIAGU TOWN,ONITSHA,R
39,1255,629,1700,EZIEBENEBE,ONITSHA,R
39,1256,629,1700,EZINANO,ONITSHA,R
39,1257,629,1700,EZINIFITE,ONITSHA,R
39,1258,629,1700,ICHI,ONITSHA,R
39,1259,629,1700,IFITE -ANI,ONITSHA,R
39,1260,629,1700,IFITE VILLAGE,ONITSHA,R
40,1261,629,1700,IFITE-UKPO,ONITSHA,R
40,1262,629,1700,IHITTE,ONITSHA,R
40,1263,629,1700,ISSELE UKU,ONITSHA,R
40,1264,629,1700,ISULO,ONITSHA,R
40,1265,629,1700,ISUOFIA,ONITSHA,R
40,1266,629,1700,MBESI,ONITSHA,R
40,1267,629,1700,MBOSI,ONITSHA,R
40,1268,629,1700,MBUDU ICHIDA,ONITSHA,R
40,1269,629,1700,MGBUEZENWA,ONITSHA,R
40,1270,629,1700,MMIATA-ANAM,ONITSHA,R
40,1271,629,1700,MODEBE AVENUE,ONITSHA,R
40,1272,629,1700,NDIAKPU OTOLO,ONITSHA,R
40,1273,629,1700,NDIKELIONWU,ONITSHA,R
40,1274,629,1700,NDIOKPALA -EZE,ONITSHA,R
40,1275,629,1700,NDIOWU,ONITSHA,R
40,1276,629,1700,NKOR,ONITSHA,R
40,1277,629,1700,NKPOLOGWU,ONITSHA,R
40,1278,629,1700,NKUNU,ONITSHA,R
40,1279,629,1700,NKWO-AGU AMICHI,ONITSHA,R
40,1280,629,1700,NKWUKWE UNUBI,ONITSHA,R
40,1281,629,1700,NNEISE,ONITSHA,R
40,1282,629,1700,NTEJE,ONITSHA,R
40,1283,629,1700,NZAM,ONITSHA,R
40,1284,629,1700,OBA-OFEMILI,ONITSHA,R
40,1285,629,1700,OBEAGU ORJI,ONITSHA,R
40,1286,629,1700,OBELEDU,ONITSHA,R
40,1287,629,1700,OBU-AGU-ORJI,ONITSHA,R
40,1288,629,1700,ODEKPE,ONITSHA,R
40,1289,629,1700,OFEMILI UGBENE,ONITSHA,R
40,1290,629,1700,OFUFE ZIXTON,ONITSHA,R
40,1291,629,1700,OGBEOLU,ONITSHA,R
40,1292,629,1700,OGBOJI,ONITSHA,R
40,1293,629,1700,OGBUNKA,ONITSHA,R
40,1294,629,1700,OGWUANIOCHA,ONITSHA,R
40,1295,629,1700,OGWUIKPELE,ONITSHA,R
40,1296,629,1700,OKO EBENESE,ONITSHA,R
40,1297,629,1700,OKOFIA,ONITSHA,R
40,1298,629,1700,OLUMBANASAA,ONITSHA,R
40,1299,629,1700,OMOGHOR,ONITSHA,R
40,1300,629,1700,OMOR,ONITSHA,R
40,1301,629,1700,ONIOCHA - OLONA,ONITSHA,R
40,1302,629,1700,ORERI,ONITSHA,R
40,1303,629,1700,OROMA - ETITI,ONITSHA,R
40,1304,629,1700,OROMA-ETITI- ANAM,ONITSHA,R
40,1305,629,1700,ORSU,ONITSHA,R
40,1306,629,1700,OSUMENYI,ONITSHA,R
40,1307,629,1700,OWERRIZULEA,ONITSHA,R
41,1308,629,1700,UBULU UKU,ONITSHA,R
41,1309,629,1700,UDEABOR,ONITSHA,R
41,1310,629,1700,UFUMA,ONITSHA,R
41,1311,629,1700,UGA,ONITSHA,R
41,1312,629,1700,UGWUOBA,ONITSHA,R
41,1313,629,1700,UKPOR,ONITSHA,R
41,1314,629,1700,UKWO -EZINIFITE,ONITSHA,R
41,1315,629,1700,ULI,ONITSHA,R
41,1316,629,1700,UMUASE,ONITSHA,R
41,1317,629,1700,UMUAWULU,ONITSHA,R
41,1318,629,1700,UMUCHIANA,ONITSHA,R
41,1319,629,1700,UMUDALA,ONITSHA,R
41,1320,629,1700,UMUEJI UFUMA,ONITSHA,R
41,1321,629,1700,UMUEKPU,ONITSHA,R
41,1322,629,1700,UMUEZE ANAM,ONITSHA,R
41,1323,629,1700,UMULERI,ONITSHA,R
41,1324,629,1700,UMUMEBOGWU,ONITSHA,R
41,1325,629,1700,UMUMEGBU,ONITSHA,R
41,1326,629,1700,UMUMEJIAKU,ONITSHA,R
41,1327,629,1700,UMUNACHI-UKPOR,ONITSHA,R
41,1328,629,1700,UMUNANKWO,ONITSHA,R
41,1329,629,1700,UMUNIYA,ONITSHA,R
41,1330,629,1700,UMUNKE-UKPO,ONITSHA,R
41,1331,629,1700,UMUNOWU,ONITSHA,R
41,1332,629,1700,UMUNZE,ONITSHA,R
41,1333,629,1700,UMUOBA-ANAM,ONITSHA,R
41,1334,629,1700,UMUOBANAM,ONITSHA,R
41,1335,629,1700,UMUOGBU,ONITSHA,R
41,1336,629,1700,UMUOGEM,ONITSHA,R
41,1337,629,1700,UMUOHI-OKIJA,ONITSHA,R
41,1338,629,1700,UMUOMAKU,ONITSHA,R
41,1339,629,1700,UMUONYIBA,ONITSHA,R
41,1340,629,1700,UMURELI,ONITSHA,R
41,1341,629,1700,UNUBI,ONITSHA,R
41,1342,629,1700,URUEKWO,ONITSHA,R
41,1343,629,1700,URUMEBO,ONITSHA,R
41,1344,629,1700,URUOKPALAEKE,ONITSHA,R
41,1345,629,1700,UTUH,ONITSHA,R
41,1346,629,1700,UZOLI,ONITSHA,R
41,1347,524,850,ADAZI ANI,ONITSHA,E
41,1348,524,850,Adazi-Ani,ONITSHA,E
41,1349,524,850,AGUKWU NRI,ONITSHA,E
41,1350,524,850,Agwokwa,ONITSHA,E
41,1351,524,850,Akwukwo Igbo,ONITSHA,E
41,1352,524,850,AKWUKWU-IGBO,ONITSHA,E
41,1353,524,850,Amarobia,ONITSHA,E
41,1354,524,850,AMAWBIA,ONITSHA,E
42,1355,524,850,ILLAH,ONITSHA,E
42,1356,524,850,Niri,ONITSHA,E
42,1357,524,850,NKWELLE EZUNAKA,ONITSHA,E
42,1358,524,850,NRI,ONITSHA,E
42,1359,524,850,Okoli,ONITSHA,E
42,1360,524,850,ONICHA OLONA,ONITSHA,E
42,1361,524,850,ABBA,OWERRI,E
42,1362,524,850,ABOH MBAISE,OWERRI,E
42,1363,524,850,ACHARA UTURU,OWERRI,E
42,1364,524,850,ACHIARA,OWERRI,E
42,1365,524,850,ACHINGALA,OWERRI,E
42,1366,524,850,AFOR AJALA,OWERRI,E
42,1367,524,850,AFOR EGBU,OWERRI,E
42,1368,524,850,AFOR ISIAGU,OWERRI,E
42,1369,524,850,AFOR UMUEZE,OWERRI,E
42,1370,524,850,AFOR-ISIOKPO,OWERRI,E
42,1371,524,850,AJUTAKWU,OWERRI,E
42,1372,524,850,AKAEZE,OWERRI,E
42,1373,524,850,AKATTA,OWERRI,E
42,1374,524,850,AKOKWA,OWERRI,E
42,1375,524,850,AKPODIM,OWERRI,E
42,1376,524,850,AKWAKUMA TOWN,OWERRI,E
42,1377,524,850,AMAFOR CHAJI,OWERRI,E
42,1378,524,850,AMAIGBO,OWERRI,E
42,1379,524,850,AMAINYI,OWERRI,E
42,1380,524,850,AMAINYINTE,OWERRI,E
42,1381,524,850,AMAIYI UKWU,OWERRI,E
42,1382,524,850,AMALA,OWERRI,E
42,1383,524,850,AMANATOR,OWERRI,E
42,1384,524,850,AMANO,OWERRI,E
42,1385,524,850,AMAOKPALA,OWERRI,E
42,1386,524,850,AMARAKA,OWERRI,E
42,1387,524,850,AMASIRI,OWERRI,E
42,1388,524,850,AMAUZARI,OWERRI,E
42,1389,524,850,AMAUZU IKPAKWU,OWERRI,E
42,1390,524,850,AMIRI,OWERRI,E
42,1391,524,850,AMUCHA,OWERRI,E
42,1392,524,850,AMUMARA,OWERRI,E
42,1393,524,850,AMURE OTANCHARA,OWERRI,E
42,1394,524,850,AMURIE-OHAJI,OWERRI,E
42,1395,524,850,AMUZU,OWERRI,E
42,1396,524,850,ANARA,OWERRI,E
42,1397,524,850,ARONDIZUOGU,OWERRI,E
42,1398,524,850,ARO-UMUAWA,OWERRI,E
42,1399,524,850,ASAA-OHAJI,OWERRI,E
42,1400,524,850,ASSA-UBIRIELEM,OWERRI,E
42,1401,524,850,ATTA,OWERRI,E
43,1402,524,850,AWARRA,OWERRI,E
43,1403,524,850,AWO-IDEMILI,OWERRI,E
43,1404,524,850,AWOMAMA,OWERRI,E
43,1405,524,850,AWO-OGUTA,OWERRI,E
43,1406,524,850,AYI,OWERRI,E
43,1407,524,850,CHOKONEZE,OWERRI,E
43,1408,524,850,DIKENAFAI,OWERRI,E
43,1409,524,850,EBENATOR,OWERRI,E
43,1410,524,850,EDDA,OWERRI,E
43,1411,524,850,EDENTA,OWERRI,E
43,1412,524,850,EGBEMA,OWERRI,E
43,1413,524,850,EGBU-OGUTA,OWERRI,E
43,1414,524,850,EHIME,OWERRI,E
43,1415,524,850,EKEJA-OBOWO,OWERRI,E
43,1416,524,850,EKE-OBOWO,OWERRI,E
43,1417,524,850,EKWE,OWERRI,E
43,1418,524,850,EKWEREAZU,OWERRI,E
43,1419,524,850,ELELEM,OWERRI,E
43,1420,524,850,EMEABIAM,OWERRI,E
43,1421,524,850,ENYIOGUGU,OWERRI,E
43,1422,524,850,ETITI,OWERRI,E
43,1423,524,850,EZEOGBA,OWERRI,E
43,1424,524,850,EZEOMA-OPARANADIM,OWERRI,E
43,1425,524,850,EZIACHI-ORLU,OWERRI,E
43,1426,524,850,EZIALAKOHU,OWERRI,E
43,1427,524,850,EZIAMA OBIATO,OWERRI,E
43,1428,524,850,EZIHE,OWERRI,E
43,1429,524,850,EZINACH-OKIGWE,OWERRI,E
43,1430,524,850,IBEMWRO,OWERRI,E
43,1431,524,850,IFE-EZINIHITTE,OWERRI,E
43,1432,524,850,IFITE OGWARI,OWERRI,E
43,1433,524,850,IHIOMA,OWERRI,E
43,1434,524,850,IHITTE AFOREUKWU,OWERRI,E
43,1435,524,850,IHITTE OGADA,OWERRI,E
43,1436,524,850,IHITTE OHAJI,OWERRI,E
43,1437,524,850,IHITTE-NANASA,OWERRI,E
43,1438,524,850,IHIUTTE EZINIHITTE,OWERRI,E
43,1439,524,850,IHUBE,OWERRI,E
43,1440,524,850,IHUO,OWERRI,E
43,1441,524,850,IKEDURU,OWERRI,E
43,1442,524,850,IKENAZIZI,OWERRI,E
43,1443,524,850,IMERIENWE,OWERRI,E
43,1444,524,850,IMMERIENWE,OWERRI,E
43,1445,524,850,ISIAGU,OWERRI,E
43,1446,524,850,ISIEKENESI,OWERRI,E
43,1447,524,850,ISIOCHI,OWERRI,E
43,1448,524,850,ISSEKKE,OWERRI,E
44,1449,524,850,ISU,OWERRI,E
44,1450,524,850,ISUNJABA,OWERRI,E
44,1451,524,850,ISUOCHI,OWERRI,E
44,1452,524,850,ITU EZINIHITTEE,OWERRI,E
44,1453,524,850,IVOM,OWERRI,E
44,1454,524,850,IZOMBE,OWERRI,E
44,1455,524,850,LILU,OWERRI,E
44,1456,524,850,LOAJI,OWERRI,E
44,1457,524,850,LOGARA,OWERRI,E
44,1458,524,850,MBAITOLI,OWERRI,E
44,1459,524,850,MBEKE,OWERRI,E
44,1460,524,850,MBUTU-MBAISE,OWERRI,E
44,1461,524,850,MGBIRICHI,OWERRI,E
44,1462,524,850,MPAM,OWERRI,E
44,1463,524,850,MUAFOR,OWERRI,E
44,1464,524,850,MUAKA,OWERRI,E
44,1465,524,850,NAWFIJA,OWERRI,E
44,1466,524,850,NDEGWU,OWERRI,E
44,1467,524,850,NDIABICHE,OWERRI,E
44,1468,524,850,NGOR OKPALA,OWERRI,E
44,1469,524,850,Ngor Okpala,OWERRI,E
44,1470,524,850,NGURU NSEKE,OWERRI,E
44,1471,524,850,NGWOMA OBUBE,OWERRI,E
44,1472,524,850,NKWERRE,OWERRI,E
44,1473,524,850,NKWO AKPULU,OWERRI,E
44,1474,524,850,NKWOGU,OWERRI,E
44,1475,524,850,NNEATO,OWERRI,E
44,1476,524,850,NSU,OWERRI,E
44,1477,524,850,OBILE OHAJI,OWERRI,E
44,1478,524,850,OBITTI,OWERRI,E
44,1479,524,850,OBIZI,OWERRI,E
44,1480,524,850,OBODOUKWU,OWERRI,E
44,1481,524,850,OBOLLO,OWERRI,E
44,1482,524,850,OBORO-UMUEME-IGWA,OWERRI,E
44,1483,524,850,OBOSIMA,OWERRI,E
44,1484,524,850,OBUDIAGWA,OWERRI,E
44,1485,524,850,ODENKUME,OWERRI,E
44,1486,524,850,OGBE,OWERRI,E
44,1487,524,850,OGUTA,OWERRI,E
44,1488,524,850,OGWA,OWERRI,E
44,1489,524,850,OKPALA,OWERRI,E
44,1490,524,850,OKPOFE,OWERRI,E
44,1491,524,850,OKPOSI,OWERRI,E
44,1492,524,850,OKWE,OWERRI,E
44,1493,524,850,OKWELLE,OWERRI,E
44,1494,524,850,OKWE-NA-DURU,OWERRI,E
44,1495,524,850,OKWU URATTA,OWERRI,E
45,1496,524,850,OKWUDOR,OWERRI,E
45,1497,524,850,OMUNA-ORU,OWERRI,E
45,1498,524,850,ONICHA,OWERRI,E
45,1499,524,850,ONICHA EZINIHITTE,OWERRI,E
45,1500,524,850,OPARANADIM,OWERRI,E
45,1501,524,850,ORLU,OWERRI,E
45,1502,524,850,ORSU-OBODO,OWERRI,E
45,1503,524,850,ORU IKPA AGBAJA,OWERRI,E
45,1504,524,850,OSSEMATOR,OWERRI,E
45,1505,524,850,OSUOMA,OWERRI,E
45,1506,524,850,OTOK,OWERRI,E
45,1507,524,850,OVORO,OWERRI,E
45,1508,524,850,OWU-AMAKOHIA,OWERRI,E
45,1509,524,850,OZARRA,OWERRI,E
45,1510,524,850,UBURU,OWERRI,E
45,1511,524,850,UDO TOWN,OWERRI,E
45,1512,524,850,UGBELLE,OWERRI,E
45,1513,524,850,ULO ANO-AMANDUGBA,OWERRI,E
45,1514,524,850,ULOANO-AMANDUGBA,OWERRI,E
45,1515,524,850,UMUAKALI NAZE,OWERRI,E
45,1516,524,850,UMUAKU-ISUOCHI,OWERRI,E
45,1517,524,850,UMUALA-OGBOR,OWERRI,E
45,1518,524,850,UMUANU,OWERRI,E
45,1519,524,850,UMUDI,OWERRI,E
45,1520,524,850,UMUDURU,OWERRI,E
45,1521,524,850,UMUECHI,OWERRI,E
45,1522,524,850,UMUEKWUNNE,OWERRI,E
45,1523,524,850,UMUEZE AMAIKE,OWERRI,E
45,1524,524,850,UMUHU-OKABIA,OWERRI,E
45,1525,524,850,UMULOGHO,OWERRI,E
45,1526,524,850,UMUNAMA-MBAISE,OWERRI,E
45,1527,524,850,UMUNEKE-NGOR,OWERRI,E
45,1528,524,850,UMUNNEOCHI,OWERRI,E
45,1529,524,850,UMUNOHA,OWERRI,E
45,1530,524,850,UMUOGBOM IHITTE,OWERRI,E
45,1531,524,850,UMUOHIAGU,OWERRI,E
45,1532,524,850,UMUOHIRI,OWERRI,E
45,1533,524,850,UMUOKANNE,OWERRI,E
45,1534,524,850,UMUOPARAOCHA-UMULOLO,OWERRI,E
45,1535,524,850,UMUOZI-ORRI,OWERRI,E
45,1536,524,850,UNWANA,OWERRI,E
45,1537,524,850,URUALLA,OWERRI,E
45,1538,524,850,UTURU,OWERRI,E
45,1539,524,850,UZOAGBA,OWERRI,E
45,1540,629,1700,AFIKPO,OWERRI,R
45,1541,629,1700,Bende-Tumbaozu,OWERRI,R
45,1542,629,1700,EBIASOEGBE,OWERRI,R
46,1543,629,1700,IBIGWE,OWERRI,R
46,1544,629,1700,IHITTEUBOMA,OWERRI,R
46,1545,629,1700,NEMPI,OWERRI,R
46,1546,629,1700,OBIBIEZENA,OWERRI,R
46,1547,629,1700,OGBERURU,OWERRI,R
46,1548,629,1700,ORSUIHITEKWU,OWERRI,R
46,1549,629,1700,OSINA,OWERRI,R
46,1550,629,1700,UMUELEMAI,OWERRI,R
46,1551,524,850,ABULOMA,PORT HARCOURT,E
46,1552,524,850,Agba-Nejele,PORT HARCOURT,E
46,1553,524,850,AGBUE KOROKORO,PORT HARCOURT,E
46,1554,524,850,ALESA ELEME,PORT HARCOURT,E
46,1555,524,850,ALUU,PORT HARCOURT,E
46,1556,524,850,BUA YEGHE,PORT HARCOURT,E
46,1557,524,850,Bua-Yeghe,PORT HARCOURT,E
46,1558,524,850,CHOBA,PORT HARCOURT,E
46,1559,524,850,GBAM TAI,PORT HARCOURT,E
46,1560,524,850,Ggbam-Tai,PORT HARCOURT,E
46,1561,524,850,IDO AHOADA,PORT HARCOURT,E
46,1562,524,850,IGBE ETCHE,PORT HARCOURT,E
46,1563,524,850,Igurunta-Ali,PORT HARCOURT,E
46,1564,524,850,IGURWUTA,PORT HARCOURT,E
46,1565,524,850,ISIOKPO,PORT HARCOURT,E
46,1566,524,850,ISU ETCHE,PORT HARCOURT,E
46,1567,524,850,K DERE,PORT HARCOURT,E
46,1568,524,850,K-Dere,PORT HARCOURT,E
46,1569,524,850,KOROMA TAI,PORT HARCOURT,E
46,1570,524,850,KPETI TAI,PORT HARCOURT,E
46,1571,524,850,NCHIA-ELEME,PORT HARCOURT,E
46,1572,524,850,NORWA TAI,PORT HARCOURT,E
46,1573,524,850,OGBOGORO,PORT HARCOURT,E
46,1574,524,850,OMAGWA,PORT HARCOURT,E
46,1575,524,850,ONNE,PORT HARCOURT,E
46,1576,524,850,OYIGBO,PORT HARCOURT,E
46,1577,524,850,RUMUOSI,PORT HARCOURT,E
46,1578,629,1700,ABA RIKPO,PORT HARCOURT,R
46,1579,629,1700,ABONEMA,PORT HARCOURT,R
46,1580,629,1700,ABUA,PORT HARCOURT,R
46,1581,629,1700,ABUA-ODUA,PORT HARCOURT,R
46,1582,629,1700,ABUKUMA,PORT HARCOURT,R
46,1583,629,1700,ADAGBABIRI,PORT HARCOURT,R
46,1584,629,1700,AFAM,PORT HARCOURT,R
46,1585,629,1700,AFAM,PORT HARCOURT,R
46,1586,629,1700,AFARA,PORT HARCOURT,R
46,1587,629,1700,AGAH,PORT HARCOURT,R
46,1588,629,1700,AGANNA,PORT HARCOURT,R
46,1589,629,1700,AGBOBIRI,PORT HARCOURT,R
47,1590,629,1700,Agri-Saba,PORT HARCOURT,R
47,1591,629,1700,AGUDAMA,PORT HARCOURT,R
47,1592,629,1700,AGUDAMA EPIE,PORT HARCOURT,R
47,1593,629,1700,AHOADA,PORT HARCOURT,R
47,1594,629,1700,AKABUKA,PORT HARCOURT,R
47,1595,629,1700,AKASSA,PORT HARCOURT,R
47,1596,629,1700,AKINIMA,PORT HARCOURT,R
47,1597,629,1700,Akmima-Ahoade West,PORT HARCOURT,R
47,1598,629,1700,AMASSOMA,PORT HARCOURT,R
47,1599,629,1700,AMEGI,PORT HARCOURT,R
47,1600,629,1700,AMHA,PORT HARCOURT,R
47,1601,629,1700,Amuru-Keni,PORT HARCOURT,R
47,1602,629,1700,ANAKPOR,PORT HARCOURT,R
47,1603,629,1700,ANGALABIRI,PORT HARCOURT,R
47,1604,629,1700,ANGIAMA,PORT HARCOURT,R
47,1605,629,1700,ANWUNUGBOKO,PORT HARCOURT,R
47,1606,629,1700,ANYAMA,PORT HARCOURT,R
47,1607,629,1700,ASKUYET,PORT HARCOURT,R
47,1608,629,1700,ASUKAMA,PORT HARCOURT,R
47,1609,629,1700,AWUGTOBOLO,PORT HARCOURT,R
47,1610,629,1700,AYAMA TARAKIRI,PORT HARCOURT,R
47,1611,629,1700,B DERE,PORT HARCOURT,R
47,1612,629,1700,BARAKO,PORT HARCOURT,R
47,1613,629,1700,B-Dere,PORT HARCOURT,R
47,1614,629,1700,B-DERE,PORT HARCOURT,R
47,1615,629,1700,BEAN,PORT HARCOURT,R
47,1616,629,1700,BERA,PORT HARCOURT,R
47,1617,629,1700,BIARA,PORT HARCOURT,R
47,1618,629,1700,BILLE,PORT HARCOURT,R
47,1619,629,1700,BISEWI,PORT HARCOURT,R
47,1620,629,1700,BODO,PORT HARCOURT,R
47,1621,629,1700,BOKANA,PORT HARCOURT,R
47,1622,629,1700,BOLO,PORT HARCOURT,R
47,1623,629,1700,BOMU,PORT HARCOURT,R
47,1624,629,1700,BOMU,PORT HARCOURT,R
47,1625,629,1700,BONNY,PORT HARCOURT,R
47,1626,629,1700,BORI,PORT HARCOURT,R
47,1627,629,1700,BUGUMA,PORT HARCOURT,R
47,1628,629,1700,CHOKOCHO,PORT HARCOURT,R
47,1629,629,1700,DEEYOR,PORT HARCOURT,R
47,1630,629,1700,DEGEMA,PORT HARCOURT,R
47,1631,629,1700,DOGU EWOAMA,PORT HARCOURT,R
47,1632,629,1700,EBEDEBIRI,PORT HARCOURT,R
47,1633,629,1700,EBERI-OMUMA,PORT HARCOURT,R
47,1634,629,1700,EBOCHA,PORT HARCOURT,R
47,1635,629,1700,EBUKUMA,PORT HARCOURT,R
47,1636,629,1700,EBUKUMA ANDONI,PORT HARCOURT,R
48,1637,629,1700,EDEOHA,PORT HARCOURT,R
48,1638,629,1700,EGBEDA,PORT HARCOURT,R
48,1639,629,1700,EGBEM ASAH,PORT HARCOURT,R
48,1640,629,1700,EGBEMA,PORT HARCOURT,R
48,1641,629,1700,EGBERU NDOKI,PORT HARCOURT,R
48,1642,629,1700,EGEDEM,PORT HARCOURT,R
48,1643,629,1700,EGRU TOWN,PORT HARCOURT,R
48,1644,629,1700,EGWI,PORT HARCOURT,R
48,1645,629,1700,EKEDE,PORT HARCOURT,R
48,1646,629,1700,EKEREEMOR,PORT HARCOURT,R
48,1647,629,1700,EKEREMOR,PORT HARCOURT,R
48,1648,629,1700,EKPENA,PORT HARCOURT,R
48,1649,629,1700,ELELE,PORT HARCOURT,R
48,1650,629,1700,ELELE ALIMINI,PORT HARCOURT,R
48,1651,629,1700,ELEM SANGANA,PORT HARCOURT,R
48,1652,629,1700,EMELEGO,PORT HARCOURT,R
48,1653,629,1700,EMEYAL,PORT HARCOURT,R
48,1654,629,1700,EMUOHUA,PORT HARCOURT,R
48,1655,629,1700,EREMA,PORT HARCOURT,R
48,1656,629,1700,ETCHE,PORT HARCOURT,R
48,1657,629,1700,GBE,PORT HARCOURT,R
48,1658,629,1700,IBAA,PORT HARCOURT,R
48,1659,629,1700,IBIRIBA,PORT HARCOURT,R
48,1660,629,1700,IBOTIRENA ANDONI,PORT HARCOURT,R
48,1661,629,1700,IBRAS,PORT HARCOURT,R
48,1662,629,1700,IGBODO,PORT HARCOURT,R
48,1663,629,1700,IGBO-ETCHE,PORT HARCOURT,R
48,1664,629,1700,IHUGBOGO,PORT HARCOURT,R
48,1665,629,1700,IHUOWO,PORT HARCOURT,R
48,1666,629,1700,IHWAKPA,PORT HARCOURT,R
48,1667,629,1700,IHWECHI,PORT HARCOURT,R
48,1668,629,1700,IKIRI,PORT HARCOURT,R
48,1669,629,1700,IKODU-EKPEYE,PORT HARCOURT,R
48,1670,629,1700,Ikwa -Andowni,PORT HARCOURT,R
48,1671,629,1700,IYOM OROM,PORT HARCOURT,R
48,1672,629,1700,JOINKRAMA,PORT HARCOURT,R
48,1673,629,1700,KALIO AMA,PORT HARCOURT,R
48,1674,629,1700,K-DERE,PORT HARCOURT,R
48,1675,629,1700,KIBANGA,PORT HARCOURT,R
48,1676,629,1700,KIBANGANI,PORT HARCOURT,R
48,1677,629,1700,KOLOKUMA-KAIAMA,PORT HARCOURT,R
48,1678,629,1700,KOLUAMA,PORT HARCOURT,R
48,1679,629,1700,KONO BOUE,PORT HARCOURT,R
48,1680,629,1700,KPOR,PORT HARCOURT,R
48,1681,629,1700,KPUR,PORT HARCOURT,R
48,1682,629,1700,KREIGANI,PORT HARCOURT,R
48,1683,629,1700,KUGBO,PORT HARCOURT,R
49,1684,629,1700,KULA COMM,PORT HARCOURT,R
49,1685,629,1700,LEWE,PORT HARCOURT,R
49,1686,629,1700,MBIAMA,PORT HARCOURT,R
49,1687,629,1700,MGBEDE,PORT HARCOURT,R
49,1688,629,1700,MOGHO,PORT HARCOURT,R
49,1689,629,1700,NDELE,PORT HARCOURT,R
49,1690,629,1700,NDOKI,PORT HARCOURT,R
49,1691,629,1700,NDONI,PORT HARCOURT,R
49,1692,629,1700,NEMBE,PORT HARCOURT,R
49,1693,629,1700,NGO,PORT HARCOURT,R
49,1694,629,1700,NGO ANDONI,PORT HARCOURT,R
49,1695,629,1700,NWEN-BIARA,PORT HARCOURT,R
49,1696,629,1700,NWEOL,PORT HARCOURT,R
49,1697,629,1700,OBELLE,PORT HARCOURT,R
49,1698,629,1700,Obelle-Ogbrelle,PORT HARCOURT,R
49,1699,629,1700,OBETE,PORT HARCOURT,R
49,1700,629,1700,OBIGWE,PORT HARCOURT,R
49,1701,629,1700,OBIOPITI,PORT HARCOURT,R
49,1702,629,1700,OBITE,PORT HARCOURT,R
49,1703,629,1700,OBOBURU,PORT HARCOURT,R
49,1704,629,1700,OBOLO ANDONI,PORT HARCOURT,R
49,1705,629,1700,OBUAMA,PORT HARCOURT,R
49,1706,629,1700,ODAGWA,PORT HARCOURT,R
49,1707,629,1700,ODI,PORT HARCOURT,R
49,1708,629,1700,ODIABIDI,PORT HARCOURT,R
49,1709,629,1700,ODIEKE,PORT HARCOURT,R
49,1710,629,1700,ODIEKE,PORT HARCOURT,R
49,1711,629,1700,ODIO AMA,PORT HARCOURT,R
49,1712,629,1700,ODIOZUBUJI,PORT HARCOURT,R
49,1713,629,1700,ODISAMA,PORT HARCOURT,R
49,1714,629,1700,Odoma-Obuama,PORT HARCOURT,R
49,1715,629,1700,OFONI,PORT HARCOURT,R
49,1716,629,1700,OGBAKIRI,PORT HARCOURT,R
49,1717,629,1700,OGBOGORO,PORT HARCOURT,R
49,1718,629,1700,OGBUGU,PORT HARCOURT,R
49,1719,629,1700,OGU,PORT HARCOURT,R
49,1720,629,1700,OGULOMA,PORT HARCOURT,R
49,1721,629,1700,OKARKI,PORT HARCOURT,R
49,1722,629,1700,OKECHI,PORT HARCOURT,R
49,1723,629,1700,OKOCHIRI,PORT HARCOURT,R
49,1724,629,1700,OKODI,PORT HARCOURT,R
49,1725,629,1700,OKOGBE,PORT HARCOURT,R
49,1726,629,1700,OKOIOKOILE ANDONI,PORT HARCOURT,R
49,1727,629,1700,OKOLOBIRI,PORT HARCOURT,R
49,1728,629,1700,OKPOMA,PORT HARCOURT,R
49,1729,629,1700,OKPOSI,PORT HARCOURT,R
49,1730,629,1700,OKRIKA,PORT HARCOURT,R
50,1731,629,1700,OKUMBIRI,PORT HARCOURT,R
50,1732,629,1700,OKWUZI,PORT HARCOURT,R
50,1733,629,1700,OLD BAKANA,PORT HARCOURT,R
50,1734,629,1700,OLIEJA,PORT HARCOURT,R
50,1735,629,1700,OLOIBIRI,PORT HARCOURT,R
50,1736,629,1700,OMBOR,PORT HARCOURT,R
50,1737,629,1700,OMERELU,PORT HARCOURT,R
50,1738,629,1700,OMOKU,PORT HARCOURT,R
50,1739,629,1700,OMUANWA,PORT HARCOURT,R
50,1740,629,1700,OMUDIOGA,PORT HARCOURT,R
50,1741,629,1700,OMUEKE,PORT HARCOURT,R
50,1742,629,1700,OMUMA,PORT HARCOURT,R
50,1743,629,1700,OPOBO,PORT HARCOURT,R
50,1744,629,1700,OPOKUMA,PORT HARCOURT,R
50,1745,629,1700,OSIOKU,PORT HARCOURT,R
50,1746,629,1700,OTABANI,PORT HARCOURT,R
50,1747,629,1700,OTUAN,PORT HARCOURT,R
50,1748,629,1700,OTUOKPOYI,PORT HARCOURT,R
50,1749,629,1700,OWUBE,PORT HARCOURT,R
50,1750,629,1700,OWUBE,PORT HARCOURT,R
50,1751,629,1700,OYIAGBO,PORT HARCOURT,R
50,1752,629,1700,OYIGBA,PORT HARCOURT,R
50,1753,629,1700,OZOCHI,PORT HARCOURT,R
50,1754,629,1700,OZUAHA,PORT HARCOURT,R
50,1755,629,1700,OZUZU,PORT HARCOURT,R
50,1756,629,1700,PERE TORUGBENE,PORT HARCOURT,R
50,1757,629,1700,POLAKU,PORT HARCOURT,R
50,1758,629,1700,RUMUEKPE,PORT HARCOURT,R
50,1759,629,1700,RUMUJI,PORT HARCOURT,R
50,1760,629,1700,RUNDELE,PORT HARCOURT,R
50,1761,629,1700,SABAGREIA,PORT HARCOURT,R
50,1762,629,1700,SAGBAMA,PORT HARCOURT,R
50,1763,629,1700,SAKPENWA,PORT HARCOURT,R
50,1764,629,1700,SEA BORI,PORT HARCOURT,R
50,1765,629,1700,SEME,PORT HARCOURT,R
50,1766,629,1700,SIIN,PORT HARCOURT,R
50,1767,629,1700,SIME TAI,PORT HARCOURT,R
50,1768,629,1700,TAABAA,PORT HARCOURT,R
50,1769,629,1700,TOMBIA,PORT HARCOURT,R
50,1770,629,1700,TORU NDORO,PORT HARCOURT,R
50,1771,629,1700,TROFANI,PORT HARCOURT,R
50,1772,629,1700,TUNGBO,PORT HARCOURT,R
50,1773,629,1700,TWON BRASS,PORT HARCOURT,R
50,1774,629,1700,TWON BRASS,PORT HARCOURT,R
50,1775,629,1700,Twon-Brass,PORT HARCOURT,R
50,1776,629,1700,UBETA,PORT HARCOURT,R
50,1777,629,1700,UBIMA,PORT HARCOURT,R
51,1778,629,1700,UBIMINI,PORT HARCOURT,R
51,1779,629,1700,UBIO,PORT HARCOURT,R
51,1780,629,1700,UKUBIE,PORT HARCOURT,R
51,1781,629,1700,ULA AHOADA,PORT HARCOURT,R
51,1782,629,1700,ULA-UBIE,PORT HARCOURT,R
51,1783,629,1700,ULA-UKPATA,PORT HARCOURT,R
51,1784,629,1700,UMUAGAI,PORT HARCOURT,R
51,1785,629,1700,UMUATURU-ETCHE,PORT HARCOURT,R
51,1786,629,1700,UMUDIOGA,PORT HARCOURT,R
51,1787,629,1700,UMUECHEM,PORT HARCOURT,R
51,1788,629,1700,UMUOLA ETCHE,PORT HARCOURT,R
51,1789,629,1700,Umuola-Etche,PORT HARCOURT,R
51,1790,629,1700,UMUTEKE TU,PORT HARCOURT,R
51,1791,629,1700,UYANGALA,PORT HARCOURT,R
51,1792,629,1700,UYEMDA,PORT HARCOURT,R
51,1793,629,1700,YEGHE,PORT HARCOURT,R
51,1794,629,1700,YENAGOA,PORT HARCOURT,R
51,1795,629,1700,ZARAMA-EPIE,PORT HARCOURT,R
51,1796,524,850,BAKURA,SOKOTO,E
51,1797,524,850,BINJI,SOKOTO,E
51,1798,524,850,BODINGA,SOKOTO,E
51,1799,524,850,DOOGON DAJI,SOKOTO,E
51,1800,524,850,GORONYO,SOKOTO,E
51,1801,524,850,GWADABAWA,SOKOTO,E
51,1802,524,850,TSAFE,SOKOTO,E
51,1803,524,850,WURNO,SOKOTO,E
51,1804,524,850,YABO,SOKOTO,E
51,1805,629,1700,AGWARA,SOKOTO,R
51,1806,629,1700,ALIERO,SOKOTO,R
51,1807,629,1700,ANKA,SOKOTO,R
51,1808,629,1700,AUGUE,SOKOTO,R
51,1809,629,1700,BAGUDO,SOKOTO,R
51,1810,629,1700,BINJI MAGAJI,SOKOTO,R
51,1811,629,1700,BIRNIN - KEBBI,SOKOTO,R
51,1812,629,1700,BIRNIN KEBBI,SOKOTO,R
51,1813,629,1700,BUKKUYUM,SOKOTO,R
51,1814,629,1700,BUNGUDU,SOKOTO,R
51,1815,629,1700,BUNZA,SOKOTO,R
51,1816,629,1700,CHAFE,SOKOTO,R
51,1817,629,1700,DAKINGARI,SOKOTO,R
51,1818,629,1700,DANDI,SOKOTO,R
51,1819,629,1700,DANKARGAR,SOKOTO,R
51,1820,629,1700,DANKO WASAGU,SOKOTO,R
51,1821,629,1700,DIRIN DAJI,SOKOTO,R
51,1822,629,1700,DOGON DAJI,SOKOTO,R
51,1823,629,1700,DUKKU BARRACKS,SOKOTO,R
51,1824,629,1700,FAKAI,SOKOTO,R
52,1825,629,1700,GADA,SOKOTO,R
52,1826,629,1700,gidan dawa,SOKOTO,R
52,1827,629,1700,GIDAN MADI,SOKOTO,R
52,1828,629,1700,GUDU,SOKOTO,R
52,1829,629,1700,GUNMI,SOKOTO,R
52,1830,629,1700,GWANDU,SOKOTO,R
52,1831,629,1700,ILLELA,SOKOTO,R
52,1832,629,1700,ISAH,SOKOTO,R
52,1833,629,1700,JEGA,SOKOTO,R
52,1834,629,1700,KALGO,SOKOTO,R
52,1835,629,1700,KAMBA,SOKOTO,R
52,1836,629,1700,KANGIWA,SOKOTO,R
52,1837,629,1700,KAURA NAMODA,SOKOTO,R
52,1838,629,1700,KAURA NAMODA,SOKOTO,R
52,1839,629,1700,KEBBE,SOKOTO,R
52,1840,629,1700,KOKO,SOKOTO,R
52,1841,629,1700,KOKO KEBBI,SOKOTO,R
52,1842,629,1700,kwatarakwashi,SOKOTO,R
52,1843,629,1700,MAIYAMA,SOKOTO,R
52,1844,629,1700,MARADUN,SOKOTO,R
52,1845,629,1700,MARU,SOKOTO,R
52,1846,629,1700,NGASKI,SOKOTO,R
52,1847,629,1700,RIBAH,SOKOTO,R
52,1848,629,1700,SABON BIRNIN,SOKOTO,R
52,1849,629,1700,sabon gida,SOKOTO,R
52,1850,629,1700,SABON-BIRNIN,SOKOTO,R
52,1851,629,1700,SENCHI,SOKOTO,R
52,1852,629,1700,SHINKAFI,SOKOTO,R
52,1853,629,1700,SILAME,SOKOTO,R
52,1854,629,1700,TAGAZA,SOKOTO,R
52,1855,629,1700,TALATA MAFARA,SOKOTO,R
52,1856,629,1700,TAMBAWAL,SOKOTO,R
52,1857,629,1700,WASAGU,SOKOTO,R
52,1858,629,1700,YAURI,SOKOTO,R
52,1859,629,1700,ZAGGA,SOKOTO,R
52,1860,629,1700,ZURMI,SOKOTO,R
52,1861,629,1700,ZURU,SOKOTO,R
52,1862,524,850,ABIA OKPO,UYO,E
52,1863,524,850,ADIASIM,UYO,E
52,1864,524,850,AFUA EDEMAYA,UYO,E
52,1865,524,850,EBUGHU,UYO,E
52,1866,524,850,EKEYA,UYO,E
52,1867,524,850,EKPARAKWA,UYO,E
52,1868,524,850,EKPENE OBO,UYO,E
52,1869,524,850,ESA EKPO,UYO,E
52,1870,524,850,ESSENE,UYO,E
52,1871,524,850,ESSIEN UDIM,UYO,E
53,1872,524,850,ETE PO,UYO,E
53,1873,524,850,ETIM EKPO,UYO,E
53,1874,524,850,ETIP EDIENE,UYO,E
53,1875,524,850,IBENO,UYO,E
53,1876,524,850,IKOT AKPADEN,UYO,E
53,1877,524,850,IKOT ANTIA IDIDEP,UYO,E
53,1878,524,850,IKOT ETUKUDO,UYO,E
53,1879,524,850,IKOT IDAHA,UYO,E
53,1880,524,850,IKOT MFON,UYO,E
53,1881,524,850,IKOT OKORO UDIUM,UYO,E
53,1882,524,850,IKOT UDOFIA,UYO,E
53,1883,524,850,IKOT UKPONG NSIT,UYO,E
53,1884,524,850,IKOT-ABASI,UYO,E
53,1885,524,850,IKOT-UBO,UYO,E
53,1886,524,850,IKPE IKOT NKON,UYO,E
53,1887,524,850,IWUKEM,UYO,E
53,1888,524,850,MBIASO,UYO,E
53,1889,524,850,MKPAT ENIN,UYO,E
53,1890,524,850,NSIE,UYO,E
53,1891,524,850,NTO EDINO,UYO,E
53,1892,524,850,OBO,UYO,E
53,1893,524,850,OBONG NTAK,UYO,E
53,1894,524,850,OBOT AKARA,UYO,E
53,1895,524,850,OBUFI,UYO,E
53,1896,524,850,ODOBO,UYO,E
53,1897,524,850,ODORO IKPE,UYO,E
53,1898,524,850,ONNA,UYO,E
53,1899,524,850,ORON,UYO,E
53,1900,524,850,ORON,UYO,E
53,1901,524,850,OTI ORON,UYO,E
53,1902,524,850,OYUBIA,UYO,E
53,1903,524,850,UDUNG AFFIANG,UYO,E
53,1904,524,850,UDUNG UKO,UYO,E
53,1905,524,850,UKANAFUN,UYO,E
53,1906,524,850,UKUKUDUNG,UYO,E
53,1907,524,850,UNIVERSITY OF UYO,UYO,E
53,1908,524,850,UQUO,UYO,E
53,1909,629,1700,EASTERN OBOLO,UYO,R
53,1910,629,1700,EDEMAYA,UYO,R
53,1911,629,1700,IBIONO,UYO,R
53,1912,629,1700,IKO TOWN,UYO,R
53,1913,629,1700,IKONO,UYO,R
53,1914,629,1700,IKOT INUEN,UYO,R
53,1915,629,1700,IKOT NAKANDA,UYO,R
53,1916,629,1700,ITU MBONUSO,UYO,R
53,1917,629,1700,OBOTME/IWERE,UYO,R
53,1918,629,1700,ODORO IKOT,UYO,R
54,1919,629,1700,OFI UDA,UYO,R
54,1920,629,1700,OKU MBIABO AYADEGHE,UYO,R
54,1921,524,850,ABBI,WARRI,E
54,1922,524,850,ABEDEI,WARRI,E
54,1923,524,850,ABOH,WARRI,E
54,1924,524,850,ABRAKA,WARRI,E
54,1925,524,850,ADEJE,WARRI,E
54,1926,524,850,AFIESERE TOWN,WARRI,E
54,1927,524,850,AGBARHO,WARRI,E
54,1928,524,850,AGBARHO-OTOR,WARRI,E
54,1929,524,850,AGBOR ALIADIMA,WARRI,E
54,1930,524,850,AGBOR-NTAH,WARRI,E
54,1931,524,850,AJAGBODUDU,WARRI,E
54,1932,524,850,AKOKU,WARRI,E
54,1933,524,850,AKUMANZI-UMUORA,WARRI,E
54,1934,524,850,ALISIUINA,WARRI,E
54,1935,524,850,AMAI,WARRI,E
54,1936,524,850,ANYALA-OBINA,WARRI,E
54,1937,524,850,ARADHE,WARRI,E
54,1938,524,850,ARAGBA,WARRI,E
54,1939,524,850,ATIAVWANERI,WARRI,E
54,1940,524,850,ATIME-IGAJ,WARRI,E
54,1941,524,850,AYAKOROMO,WARRI,E
54,1942,524,850,BOMADI,WARRI,E
54,1943,524,850,BURUTU,WARRI,E
54,1944,524,850,EJEME-UNOR,WARRI,E
54,1945,524,850,EMEDE,WARRI,E
54,1946,524,850,EME-UNOR,WARRI,E
54,1947,524,850,ENHWE,WARRI,E
54,1948,524,850,ERUEMUKOWHARIAN,WARRI,E
54,1949,524,850,ESCRAVOS,WARRI,E
54,1950,524,850,ESCRAVOS,WARRI,E
54,1951,524,850,ETUA,WARRI,E
54,1952,524,850,EUN,WARRI,E
54,1953,524,850,EVRENI,WARRI,E
54,1954,524,850,FORCADOS,WARRI,E
54,1955,524,850,FORCADOS,WARRI,E
54,1956,524,850,FUPRE - 0KPE,WARRI,E
54,1957,524,850,GANGANA,WARRI,E
54,1958,524,850,IBEDEM,WARRI,E
54,1959,524,850,IBREDE,WARRI,E
54,1960,524,850,IDUMEJE-UNOR,WARRI,E
54,1961,524,850,IDUMIOGO,WARRI,E
54,1962,524,850,IDUNUJE-UNOR,WARRI,E
54,1963,524,850,IGBIDE,WARRI,E
54,1964,524,850,IKPIDIAMA,WARRI,E
54,1965,524,850,IKWOLE,WARRI,E
55,1966,524,850,ILUOLOGBO S.O.,WARRI,E
55,1967,524,850,IRRI,WARRI,E
55,1968,524,850,ISIOKOLO,WARRI,E
55,1969,524,850,ISSELLE-ASAGBA,WARRI,E
55,1970,524,850,JEDDO,WARRI,E
55,1971,524,850,KAGBODO,WARRI,E
55,1972,524,850,KOKO,WARRI,E
55,1973,524,850,KOKO WARRI,WARRI,E
55,1974,524,850,KOKORI,WARRI,E
55,1975,524,850,KWALE,WARRI,E
55,1976,524,850,KWALE,WARRI,E
55,1977,524,850,KWALE ASHAKA,WARRI,E
55,1978,524,850,OBIARUKU,WARRI,E
55,1979,524,850,OBI-OBETI,WARRI,E
55,1980,524,850,ODEDEGO,WARRI,E
55,1981,524,850,OFAGBE,WARRI,E
55,1982,524,850,OGULAGHA,WARRI,E
55,1983,524,850,OGUME,WARRI,E
55,1984,524,850,OJOBE,WARRI,E
55,1985,524,850,OJOBO,WARRI,E
55,1986,524,850,OKARE,WARRI,E
55,1987,524,850,OKERENKOKO,WARRI,E
55,1988,524,850,OKI -IDUMUEKA,WARRI,E
55,1989,524,850,OKPARA INLAND,WARRI,E
55,1990,524,850,OKPARA WATERSIDE,WARRI,E
55,1991,524,850,OKPE-ISOKO,WARRI,E
55,1992,524,850,OKUOKOKO,WARRI,E
55,1993,524,850,OKWAGBE,WARRI,E
55,1994,524,850,OKWU-OBA,WARRI,E
55,1995,524,850,OLEH,WARRI,E
55,1996,524,850,OLOGWE-ISUMPE,WARRI,E
55,1997,524,850,OLONEMU,WARRI,E
55,1998,524,850,OMOSOMO,WARRI,E
55,1999,524,850,ONICHA -UKUANI,WARRI,E
55,2000,524,850,ONICHA-UKU,WARRI,E
55,2001,524,850,ONOGBOKOR,WARRI,E
55,2002,524,850,ORERE,WARRI,E
55,2003,524,850,OREROKPE,WARRI,E
55,2004,524,850,ORIA WATERSIDE,WARRI,E
55,2005,524,850,OSUBI,WARRI,E
55,2006,524,850,OTAGBE,WARRI,E
55,2007,524,850,OTEFE,WARRI,E
55,2008,524,850,OTOGOR,WARRI,E
55,2009,524,850,OTOLOKPO,WARRI,E
55,2010,524,850,OTOR-IYEDE S.O,WARRI,E
55,2011,524,850,OTUJEREMI,WARRI,E
55,2012,524,850,OTUJEREMI,WARRI,E
56,2013,524,850,OTUREKPE,WARRI,E
56,2014,524,850,OUT -JEREMI,WARRI,E
56,2015,524,850,OVORI-OLOMU,WARRI,E
56,2016,524,850,OVRODE,WARRI,E
56,2017,524,850,OWA ALISUNI,WARRI,E
56,2018,524,850,OWA-ALADINMA,WARRI,E
56,2019,524,850,OWA-ALIZOMOR,WARRI,E
56,2020,524,850,OWEVWE,WARRI,E
56,2021,524,850,OWHRE-OLUBOR,WARRI,E
56,2022,524,850,OWRHODE,WARRI,E
56,2023,524,850,OYARO,WARRI,E
56,2024,524,850,OYEDE,WARRI,E
56,2025,524,850,OZORO,WARRI,E
56,2026,524,850,PATANI,WARRI,E
56,2027,524,850,TUOMO,WARRI,E
56,2028,524,850,UBEJI,WARRI,E
56,2029,524,850,UBULU -OKITI,WARRI,E
56,2030,524,850,UDUERE,WARRI,E
56,2031,524,850,UGBOKO,WARRI,E
56,2032,524,850,UGBOKODO,WARRI,E
56,2033,524,850,UGBOLU,WARRI,E
56,2034,524,850,UGHELLI,WARRI,E
56,2035,524,850,UGIZI-AMAN,WARRI,E
56,2036,524,850,UGWUOTON,WARRI,E
56,2037,524,850,UKALA UKPUNOR,WARRI,E
56,2038,524,850,UKPUDE,WARRI,E
56,2039,524,850,UKWUPNZU,WARRI,E
56,2040,524,850,UMEGHE,WARRI,E
56,2041,524,850,UMUEKUM AMAI,WARRI,E
56,2042,524,850,UMUKWATA,WARRI,E
56,2043,524,850,UMUORU,WARRI,E
56,2044,524,850,UMU-ZEBUGA,WARRI,E
56,2045,524,850,USIEFRUN,WARRI,E
56,2046,524,850,UTAGBA -UNOR,WARRI,E
56,2047,524,850,UTAGBA-OGBE,WARRI,E
56,2048,524,850,UTE-ALOHAN,WARRI,E
56,2049,524,850,UTE-ERUMI,WARRI,E
56,2050,524,850,UTE-OKPU,WARRI,E
56,2051,524,850,UTE-UGBEJE,WARRI,E
56,2052,524,850,UWHERA,WARRI,E
56,2053,629,1700,ABALA-IZAH,WARRI,R
56,2054,629,1700,ASHAKA WARRI,WARRI,R
56,2055,629,1700,ASHAMA,WARRI,R
56,2056,629,1700,OGRIAGBENE,WARRI,R
56,2057,629,1700,TORUGBENE,WARRI,R
56,2058,629,1700,UMUSETI,WARRI,R
56,2059,524,850,BANJIRAM,YOLA,E
57,2060,524,850,DEMSA,YOLA,E
57,2061,524,850,FUFORE,YOLA,E
57,2062,524,850,GYAWANA,YOLA,E
57,2063,524,850,HONG,YOLA,E
57,2064,524,850,JADA,YOLA,E
57,2065,524,850,NUMAN,YOLA,E
57,2066,524,850,SONG,YOLA,E
57,2067,524,850,ZING,YOLA,E
57,2068,629,1700,BAISSA,YOLA,R
57,2069,629,1700,BALI,YOLA,R
57,2070,629,1700,BALI,YOLA,R
57,2071,629,1700,BARE,YOLA,R
57,2072,629,1700,Bemsa/Gyawana/Guyuk,YOLA,R
57,2073,629,1700,BURRONG,YOLA,R
57,2074,629,1700,DAN ANACHA,YOLA,R
57,2075,629,1700,DONGA,YOLA,R
57,2076,629,1700,DUMME,YOLA,R
57,2077,629,1700,GANYE,YOLA,R
57,2078,629,1700,GARKIDA,YOLA,R
57,2079,629,1700,GEMBU,YOLA,R
57,2080,629,1700,GEMBU MAYONDAGA NGUREJE,YOLA,R
57,2081,629,1700,GULAK,YOLA,R
57,2082,629,1700,GUMTI,YOLA,R
57,2083,629,1700,GUYAKU,YOLA,R
57,2084,629,1700,GUYUK,YOLA,R
57,2085,629,1700,IBI,YOLA,R
57,2086,629,1700,IBI /DONGA,YOLA,R
57,2087,629,1700,JALINGO,YOLA,R
57,2088,629,1700,Jalingo/Bali,YOLA,R
57,2089,629,1700,JALINGO/BALI,YOLA,R
57,2090,629,1700,JEN,YOLA,R
57,2091,629,1700,KARIM-LAMIDO,YOLA,R
57,2092,629,1700,KIRI DAM,YOLA,R
57,2093,629,1700,KOLA,YOLA,R
57,2094,629,1700,KURMI MUSA,YOLA,R
57,2095,629,1700,KWAMBULA,YOLA,R
57,2096,629,1700,LAFIA-LAMURDE,YOLA,R
57,2097,629,1700,LAU,YOLA,R
57,2098,629,1700,MADAGALI,YOLA,R
57,2099,629,1700,MAIHA,YOLA,R
57,2100,629,1700,MARARABA MUBI,YOLA,R
57,2101,629,1700,Maye/Belwa/Jada,YOLA,R
57,2102,629,1700,MICHIKA,YOLA,R
57,2103,629,1700,MUBI,YOLA,R
57,2104,629,1700,MUTUM BIYU,YOLA,R
57,2105,629,1700,PANTISAWA,YOLA,R
57,2106,629,1700,PELLA,YOLA,R
58,2107,629,1700,Sert-Baruwa,YOLA,R
58,2108,629,1700,SERTI,YOLA,R
58,2109,629,1700,SERTI-BARUWA,YOLA,R
58,2110,629,1700,SHELLENG,YOLA,R
58,2111,629,1700,TAKUM,YOLA,R
58,2112,629,1700,UBA,YOLA,R
58,2113,629,1700,WUKARI,YOLA,R
58,2114,629,1700,YORRO,YOLA,R
58,2115,524,850,BASAWA,ZARIA,E
58,2116,524,850,DAKACE,ZARIA,E
58,2117,524,850,GIWA,ZARIA,E
58,2118,524,850,GWAGWAJE,ZARIA,E
58,2119,524,850,KONGO,ZARIA,E
58,2120,524,850,MILE GOMA,ZARIA,E
58,2121,629,1700,ACHUA,ZARIA,R
58,2122,629,1700,ANCHAU,ZARIA,R
58,2123,629,1700,BAKORI,ZARIA,R
58,2124,629,1700,FASKARI,ZARIA,R
58,2125,629,1700,FUNTUA,ZARIA,R
58,2126,629,1700,IKARA,ZARIA,R
58,2127,629,1700,KUBAU-ANCHAU,ZARIA,R
58,2128,629,1700,KUDUN,ZARIA,R
58,2129,629,1700,MAKARFI,ZARIA,R
58,2130,629,1700,MAKARFI,ZARIA,R
58,2131,629,1700,Makarfi L.G,ZARIA,R
58,2132,629,1700,MALUMFASHI,ZARIA,R
58,2133,629,1700,SOBA,ZARIA,R
58,2134,629,1700,Soba L.G,ZARIA,R
58,2135,629,1700,YAKAWAGA,ZARIA,R
