service_code,rate_zone_code,from_weight_grams,to_weight_grams,price_minor,additional_step_grams,additional_price_minor,source_sheet,source_cell
DOMESTIC_SAVER,23,0,501,401500,,,Domestic saver,J27
DOMESTIC_SAVER,22,0,501,1263500,,,Domestic saver,K27
DOMESTIC_SAVER,21,0,501,1762900,,,Domestic saver,L27
DOMESTIC_SAVER,20,0,501,2408500,,,Domestic saver,M27
DOMESTIC_SAVER,23,501,1001,578000,,,Domestic saver,J28
DOMESTIC_SAVER,22,501,1001,1448000,,,Domestic saver,K28
DOMESTIC_SAVER,21,501,1001,2031300,,,Domestic saver,L28
DOMESTIC_SAVER,20,501,1001,2864400,,,Domestic saver,M28
DOMESTIC_SAVER,23,1001,1501,735200,,,Domestic saver,J29
DOMESTIC_SAVER,22,1001,1501,1618300,,,Domestic saver,K29
DOMESTIC_SAVER,21,1001,1501,2209000,,,Domestic saver,L29
DOMESTIC_SAVER,20,1001,1501,3203000,,,Domestic saver,M29
DOMESTIC_SAVER,23,1501,2001,895100,,,Domestic saver,J30
DOMESTIC_SAVER,22,1501,2001,1808000,,,Domestic saver,K30
DOMESTIC_SAVER,21,1501,2001,2388100,,,Domestic saver,L30
DOMESTIC_SAVER,20,1501,2001,3544300,,,Domestic saver,M30
DOMESTIC_SAVER,23,2001,2501,1080100,,,Domestic saver,J31
DOMESTIC_SAVER,22,2001,2501,2002400,,,Domestic saver,K31
DOMESTIC_SAVER,21,2001,2501,2569100,,,Domestic saver,L31
DOMESTIC_SAVER,20,2001,2501,3889100,,,Domestic saver,M31
DOMESTIC_SAVER,23,2501,3001,1262100,,,Domestic saver,J32
DOMESTIC_SAVER,22,2501,3001,2200400,,,Domestic saver,K32
DOMESTIC_SAVER,21,2501,3001,2751700,,,Domestic saver,L32
DOMESTIC_SAVER,20,2501,3001,4221700,,,Domestic saver,M32
DOMESTIC_SAVER,23,3001,3501,1440100,,,Domestic saver,J33
DOMESTIC_SAVER,22,3001,3501,2405800,,,Domestic saver,K33
DOMESTIC_SAVER,21,3001,3501,2934500,,,Domestic saver,L33
DOMESTIC_SAVER,20,3001,3501,4556900,,,Domestic saver,M33
DOMESTIC_SAVER,23,3501,4001,1617500,,,Domestic saver,J34
DOMESTIC_SAVER,22,3501,4001,2613500,,,Domestic saver,K34
DOMESTIC_SAVER,21,3501,4001,3120900,,,Domestic saver,L34
DOMESTIC_SAVER,20,3501,4001,4896100,,,Domestic saver,M34
DOMESTIC_SAVER,23,4001,4501,1791800,,,Domestic saver,J35
DOMESTIC_SAVER,22,4001,4501,2802100,,,Domestic saver,K35
DOMESTIC_SAVER,21,4001,4501,3309000,,,Domestic saver,L35
DOMESTIC_SAVER,20,4001,4501,5237800,,,Domestic saver,M35
DOMESTIC_SAVER,23,4501,5001,1965500,,,Domestic saver,J36
DOMESTIC_SAVER,22,4501,5001,2991600,,,Domestic saver,K36
DOMESTIC_SAVER,21,4501,5001,3522700,,,Domestic saver,L36
DOMESTIC_SAVER,20,4501,5001,5624500,,,Domestic saver,M36
DOMESTIC_SAVER,23,5001,5501,2132900,,,Domestic saver,J37
DOMESTIC_SAVER,22,5001,5501,3168000,,,Domestic saver,K37
DOMESTIC_SAVER,21,5001,5501,3699200,,,Domestic saver,L37
DOMESTIC_SAVER,20,5001,5501,5946200,,,Domestic saver,M37
DOMESTIC_SAVER,23,5501,6001,2300200,,,Domestic saver,J38
DOMESTIC_SAVER,22,5501,6001,3346200,,,Domestic saver,K38
DOMESTIC_SAVER,21,5501,6001,3872800,,,Domestic saver,L38
DOMESTIC_SAVER,20,5501,6001,6268100,,,Domestic saver,M38
DOMESTIC_SAVER,23,6001,6501,2467700,,,Domestic saver,J39
DOMESTIC_SAVER,22,6001,6501,3522600,,,Domestic saver,K39
DOMESTIC_SAVER,21,6001,6501,4047900,,,Domestic saver,L39
DOMESTIC_SAVER,20,6001,6501,6588200,,,Domestic saver,M39
DOMESTIC_SAVER,23,6501,7001,2633700,,,Domestic saver,J40
DOMESTIC_SAVER,22,6501,7001,3698300,,,Domestic saver,K40
DOMESTIC_SAVER,21,6501,7001,4221700,,,Domestic saver,L40
DOMESTIC_SAVER,20,6501,7001,6910500,,,Domestic saver,M40
DOMESTIC_SAVER,23,7001,7501,2800500,,,Domestic saver,J41
DOMESTIC_SAVER,22,7001,7501,3876700,,,Domestic saver,K41
DOMESTIC_SAVER,21,7001,7501,4396100,,,Domestic saver,L41
DOMESTIC_SAVER,20,7001,7501,7233200,,,Domestic saver,M41
DOMESTIC_SAVER,23,7501,8001,2968100,,,Domestic saver,J42
DOMESTIC_SAVER,22,7501,8001,4052600,,,Domestic saver,K42
DOMESTIC_SAVER,21,7501,8001,4571600,,,Domestic saver,L42
DOMESTIC_SAVER,20,7501,8001,7554300,,,Domestic saver,M42
DOMESTIC_SAVER,23,8001,8501,3134500,,,Domestic saver,J43
DOMESTIC_SAVER,22,8001,8501,4229800,,,Domestic saver,K43
DOMESTIC_SAVER,21,8001,8501,4745800,,,Domestic saver,L43
DOMESTIC_SAVER,20,8001,8501,7875400,,,Domestic saver,M43
DOMESTIC_SAVER,23,8501,9001,3301300,,,Domestic saver,J44
DOMESTIC_SAVER,22,8501,9001,4408100,,,Domestic saver,K44
DOMESTIC_SAVER,21,8501,9001,4921000,,,Domestic saver,L44
DOMESTIC_SAVER,20,8501,9001,8197400,,,Domestic saver,M44
DOMESTIC_SAVER,23,9001,9501,3470000,,,Domestic saver,J45
DOMESTIC_SAVER,22,9001,9501,4583600,,,Domestic saver,K45
DOMESTIC_SAVER,21,9001,9501,5094700,,,Domestic saver,L45
DOMESTIC_SAVER,20,9001,9501,8518600,,,Domestic saver,M45
DOMESTIC_SAVER,23,9501,10001,3637200,,,Domestic saver,J46
DOMESTIC_SAVER,22,9501,10001,4761700,,,Domestic saver,K46
DOMESTIC_SAVER,21,9501,10001,5271300,,,Domestic saver,L46
DOMESTIC_SAVER,20,9501,10001,8841600,,,Domestic saver,M46
DOMESTIC_SAVER,23,10001,11001,3970400,,,Domestic saver,J47
DOMESTIC_SAVER,22,10001,11001,5115700,,,Domestic saver,K47
DOMESTIC_SAVER,21,10001,11001,5617800,,,Domestic saver,L47
DOMESTIC_SAVER,20,10001,11001,9484800,,,Domestic saver,M47
DOMESTIC_SAVER,23,11001,12001,4303400,,,Domestic saver,J48
DOMESTIC_SAVER,22,11001,12001,5467700,,,Domestic saver,K48
DOMESTIC_SAVER,21,11001,12001,5967400,,,Domestic saver,L48
DOMESTIC_SAVER,20,11001,12001,10127800,,,Domestic saver,M48
DOMESTIC_SAVER,23,12001,13001,4638000,,,Domestic saver,J49
DOMESTIC_SAVER,22,12001,13001,5822100,,,Domestic saver,K49
DOMESTIC_SAVER,21,12001,13001,6316600,,,Domestic saver,L49
DOMESTIC_SAVER,20,12001,13001,10771300,,,Domestic saver,M49
DOMESTIC_SAVER,23,13001,14001,4972500,,,Domestic saver,J50
DOMESTIC_SAVER,22,13001,14001,6175000,,,Domestic saver,K50
DOMESTIC_SAVER,21,13001,14001,6666700,,,Domestic saver,L50
DOMESTIC_SAVER,20,13001,14001,11414100,,,Domestic saver,M50
DOMESTIC_SAVER,23,14001,15001,5305800,,,Domestic saver,J51
DOMESTIC_SAVER,22,14001,15001,6529300,,,Domestic saver,K51
DOMESTIC_SAVER,21,14001,15001,7015400,,,Domestic saver,L51
DOMESTIC_SAVER,20,14001,15001,12057300,,,Domestic saver,M51
DOMESTIC_SAVER,23,15001,16001,5631000,,,Domestic saver,J52
DOMESTIC_SAVER,22,15001,16001,6874600,,,Domestic saver,K52
DOMESTIC_SAVER,21,15001,16001,7364500,,,Domestic saver,L52
DOMESTIC_SAVER,20,15001,16001,12701000,,,Domestic saver,M52
DOMESTIC_SAVER,23,16001,17001,5957600,,,Domestic saver,J53
DOMESTIC_SAVER,22,16001,17001,7219900,,,Domestic saver,K53
DOMESTIC_SAVER,21,16001,17001,7713000,,,Domestic saver,L53
DOMESTIC_SAVER,20,16001,17001,13344600,,,Domestic saver,M53
DOMESTIC_SAVER,23,17001,18001,6284300,,,Domestic saver,J54
DOMESTIC_SAVER,22,17001,18001,7563800,,,Domestic saver,K54
DOMESTIC_SAVER,21,17001,18001,8062800,,,Domestic saver,L54
DOMESTIC_SAVER,20,17001,18001,13986400,,,Domestic saver,M54
DOMESTIC_SAVER,23,18001,19001,6610100,,,Domestic saver,J55
DOMESTIC_SAVER,22,18001,19001,7909900,,,Domestic saver,K55
DOMESTIC_SAVER,21,18001,19001,8411100,,,Domestic saver,L55
DOMESTIC_SAVER,20,18001,19001,14631200,,,Domestic saver,M55
DOMESTIC_SAVER,23,19001,20001,6936700,,,Domestic saver,J56
DOMESTIC_SAVER,22,19001,20001,8255100,,,Domestic saver,K56
DOMESTIC_SAVER,21,19001,20001,8760600,,,Domestic saver,L56
DOMESTIC_SAVER,20,19001,20001,15274400,,,Domestic saver,M56
DOMESTIC_SAVER,23,20001,21001,7262500,,,Domestic saver,J57
DOMESTIC_SAVER,22,20001,21001,8600400,,,Domestic saver,K57
DOMESTIC_SAVER,21,20001,21001,9101500,,,Domestic saver,L57
DOMESTIC_SAVER,20,20001,21001,15917000,,,Domestic saver,M57
DOMESTIC_SAVER,23,21001,22001,7588000,,,Domestic saver,J58
DOMESTIC_SAVER,22,21001,22001,8944400,,,Domestic saver,K58
DOMESTIC_SAVER,21,21001,22001,9443500,,,Domestic saver,L58
DOMESTIC_SAVER,20,21001,22001,16560200,,,Domestic saver,M58
DOMESTIC_SAVER,23,22001,23001,7915300,,,Domestic saver,J59
DOMESTIC_SAVER,22,22001,23001,9289700,,,Domestic saver,K59
DOMESTIC_SAVER,21,22001,23001,9784500,,,Domestic saver,L59
DOMESTIC_SAVER,20,22001,23001,17204400,,,Domestic saver,M59
DOMESTIC_SAVER,23,23001,24001,8241100,,,Domestic saver,J60
DOMESTIC_SAVER,22,23001,24001,9635100,,,Domestic saver,K60
DOMESTIC_SAVER,21,23001,24001,10126300,,,Domestic saver,L60
DOMESTIC_SAVER,20,23001,24001,17848400,,,Domestic saver,M60
DOMESTIC_SAVER,23,24001,25001,8566600,,,Domestic saver,J61
DOMESTIC_SAVER,22,24001,25001,9979100,,,Domestic saver,K61
DOMESTIC_SAVER,21,24001,25001,10468300,,,Domestic saver,L61
DOMESTIC_SAVER,20,24001,25001,18489900,,,Domestic saver,M61
DOMESTIC_SAVER,23,25001,26001,8893600,,,Domestic saver,J62
DOMESTIC_SAVER,22,25001,26001,10325200,,,Domestic saver,K62
DOMESTIC_SAVER,21,25001,26001,10808600,,,Domestic saver,L62
DOMESTIC_SAVER,20,25001,26001,19134800,,,Domestic saver,M62
DOMESTIC_SAVER,23,26001,27001,9218900,,,Domestic saver,J63
DOMESTIC_SAVER,22,26001,27001,10669400,,,Domestic saver,K63
DOMESTIC_SAVER,21,26001,27001,11151500,,,Domestic saver,L63
DOMESTIC_SAVER,20,26001,27001,19777300,,,Domestic saver,M63
DOMESTIC_SAVER,23,27001,28001,9544800,,,Domestic saver,J64
DOMESTIC_SAVER,22,27001,28001,11014600,,,Domestic saver,K64
DOMESTIC_SAVER,21,27001,28001,11490900,,,Domestic saver,L64
DOMESTIC_SAVER,20,27001,28001,20420700,,,Domestic saver,M64
DOMESTIC_SAVER,23,28001,29001,9872200,,,Domestic saver,J65
DOMESTIC_SAVER,22,28001,29001,11359600,,,Domestic saver,K65
DOMESTIC_SAVER,21,28001,29001,11833400,,,Domestic saver,L65
DOMESTIC_SAVER,20,28001,29001,21063000,,,Domestic saver,M65
DOMESTIC_SAVER,23,29001,30001,10198000,,,Domestic saver,J66
DOMESTIC_SAVER,22,29001,30001,11705900,,,Domestic saver,K66
DOMESTIC_SAVER,21,29001,30001,12174700,,,Domestic saver,L66
DOMESTIC_SAVER,20,29001,30001,21707300,,,Domestic saver,M66
DOMESTIC_SAVER,23,30001,31001,10523400,,,Domestic saver,J67
DOMESTIC_SAVER,22,30001,31001,12051300,,,Domestic saver,K67
DOMESTIC_SAVER,21,30001,31001,12516400,,,Domestic saver,L67
DOMESTIC_SAVER,20,30001,31001,22349200,,,Domestic saver,M67
DOMESTIC_SAVER,23,31001,32001,10850400,,,Domestic saver,J68
DOMESTIC_SAVER,22,31001,32001,12395600,,,Domestic saver,K68
DOMESTIC_SAVER,21,31001,32001,12857000,,,Domestic saver,L68
DOMESTIC_SAVER,20,31001,32001,22992900,,,Domestic saver,M68
DOMESTIC_SAVER,23,32001,33001,11175700,,,Domestic saver,J69
DOMESTIC_SAVER,22,32001,33001,12739300,,,Domestic saver,K69
DOMESTIC_SAVER,21,32001,33001,13200400,,,Domestic saver,L69
DOMESTIC_SAVER,20,32001,33001,23637600,,,Domestic saver,M69
DOMESTIC_SAVER,23,33001,34001,11501000,,,Domestic saver,J70
DOMESTIC_SAVER,22,33001,34001,13085000,,,Domestic saver,K70
DOMESTIC_SAVER,21,33001,34001,13541400,,,Domestic saver,L70
DOMESTIC_SAVER,20,33001,34001,24279500,,,Domestic saver,M70
DOMESTIC_SAVER,23,34001,35001,11828300,,,Domestic saver,J71
DOMESTIC_SAVER,22,34001,35001,13430000,,,Domestic saver,K71
DOMESTIC_SAVER,21,34001,35001,13881600,,,Domestic saver,L71
DOMESTIC_SAVER,20,34001,35001,24923800,,,Domestic saver,M71
DOMESTIC_SAVER,23,35001,40001,13457100,,,Domestic saver,J72
DOMESTIC_SAVER,22,35001,40001,15153500,,,Domestic saver,K72
DOMESTIC_SAVER,21,35001,40001,15586000,,,Domestic saver,L72
DOMESTIC_SAVER,20,35001,40001,28139400,,,Domestic saver,M72
DOMESTIC_SAVER,23,40001,45001,15086600,,,Domestic saver,J73
DOMESTIC_SAVER,22,40001,45001,16877500,,,Domestic saver,K73
DOMESTIC_SAVER,21,40001,45001,17290000,,,Domestic saver,L73
DOMESTIC_SAVER,20,40001,45001,31357300,,,Domestic saver,M73
DOMESTIC_SAVER,23,45001,50001,16715900,,,Domestic saver,J74
DOMESTIC_SAVER,22,45001,50001,18600900,,,Domestic saver,K74
DOMESTIC_SAVER,21,45001,50001,18995100,,,Domestic saver,L74
DOMESTIC_SAVER,20,45001,50001,34574000,,,Domestic saver,M74
DOMESTIC_SAVER,23,50001,55001,18342400,,,Domestic saver,J75
DOMESTIC_SAVER,22,50001,55001,20325700,,,Domestic saver,K75
DOMESTIC_SAVER,21,50001,55001,20697700,,,Domestic saver,L75
DOMESTIC_SAVER,20,50001,55001,37790500,,,Domestic saver,M75
DOMESTIC_SAVER,23,55001,60001,19972300,,,Domestic saver,J76
DOMESTIC_SAVER,22,55001,60001,22048900,,,Domestic saver,K76
DOMESTIC_SAVER,21,55001,60001,22401400,,,Domestic saver,L76
DOMESTIC_SAVER,20,55001,60001,41005600,,,Domestic saver,M76
DOMESTIC_SAVER,23,60001,65001,21600700,,,Domestic saver,J77
DOMESTIC_SAVER,22,60001,65001,23770700,,,Domestic saver,K77
DOMESTIC_SAVER,21,60001,65001,24107800,,,Domestic saver,L77
DOMESTIC_SAVER,20,60001,65001,44221400,,,Domestic saver,M77
DOMESTIC_SAVER,23,65001,70001,23229900,,,Domestic saver,J78
DOMESTIC_SAVER,22,65001,70001,25496700,,,Domestic saver,K78
DOMESTIC_SAVER,21,65001,70001,25810900,,,Domestic saver,L78
DOMESTIC_SAVER,20,65001,70001,47439400,,,Domestic saver,M78
DOMESTIC_SAVER,23,70001,,23229900,1000,331800,Domestic saver,J81/J80
DOMESTIC_SAVER,22,70001,,25496700,1000,364200,Domestic saver,K81/K80
DOMESTIC_SAVER,21,70001,,25810900,1000,368700,Domestic saver,L81/L80
DOMESTIC_SAVER,20,70001,,47439400,1000,677700,Domestic saver,M81/M80
DEMO_EXPRESS,23,0,501,313110,,,Domestic Standard,J27
DEMO_EXPRESS,22,0,501,990810,,,Domestic Standard,K27
DEMO_EXPRESS,21,0,501,1378170,,,Domestic Standard,L27
DEMO_EXPRESS,20,0,501,1879650,,,Domestic Standard,M27
DEMO_EXPRESS,23,501,1001,453870,,,Domestic Standard,J28
DEMO_EXPRESS,22,501,1001,1134360,,,Domestic Standard,K28
DEMO_EXPRESS,21,501,1001,1586340,,,Domestic Standard,L28
DEMO_EXPRESS,20,501,1001,2236320,,,Domestic Standard,M28
DEMO_EXPRESS,23,1001,1501,576810,,,Domestic Standard,J29
DEMO_EXPRESS,22,1001,1501,1267650,,,Domestic Standard,K29
DEMO_EXPRESS,21,1001,1501,1725120,,,Domestic Standard,L29
DEMO_EXPRESS,20,1001,1501,2500020,,,Domestic Standard,M29
DEMO_EXPRESS,23,1501,2001,701730,,,Domestic Standard,J30
DEMO_EXPRESS,22,1501,2001,1416510,,,Domestic Standard,K30
DEMO_EXPRESS,21,1501,2001,1865700,,,Domestic Standard,L30
DEMO_EXPRESS,20,1501,2001,2766240,,,Domestic Standard,M30
DEMO_EXPRESS,23,2001,2501,845820,,,Domestic Standard,J31
DEMO_EXPRESS,22,2001,2501,1568070,,,Domestic Standard,K31
DEMO_EXPRESS,21,2001,2501,2006460,,,Domestic Standard,L31
DEMO_EXPRESS,20,2001,2501,3035250,,,Domestic Standard,M31
DEMO_EXPRESS,23,2501,3001,989730,,,Domestic Standard,J32
DEMO_EXPRESS,22,2501,3001,1724220,,,Domestic Standard,K32
DEMO_EXPRESS,21,2501,3001,2149020,,,Domestic Standard,L32
DEMO_EXPRESS,20,2501,3001,3294270,,,Domestic Standard,M32
DEMO_EXPRESS,23,3001,3501,1127160,,,Domestic Standard,J33
DEMO_EXPRESS,22,3001,3501,1885230,,,Domestic Standard,K33
DEMO_EXPRESS,21,3001,3501,2292390,,,Domestic Standard,L33
DEMO_EXPRESS,20,3001,3501,3556170,,,Domestic Standard,M33
DEMO_EXPRESS,23,3501,4001,1267650,,,Domestic Standard,J34
DEMO_EXPRESS,22,3501,4001,2047230,,,Domestic Standard,K34
DEMO_EXPRESS,21,3501,4001,2438280,,,Domestic Standard,L34
DEMO_EXPRESS,20,3501,4001,3819600,,,Domestic Standard,M34
DEMO_EXPRESS,23,4001,4501,1403190,,,Domestic Standard,J35
DEMO_EXPRESS,22,4001,4501,2195100,,,Domestic Standard,K35
DEMO_EXPRESS,21,4001,4501,2584710,,,Domestic Standard,L35
DEMO_EXPRESS,20,4001,4501,4086450,,,Domestic Standard,M35
DEMO_EXPRESS,23,4501,5001,1540350,,,Domestic Standard,J36
DEMO_EXPRESS,22,4501,5001,2342790,,,Domestic Standard,K36
DEMO_EXPRESS,21,4501,5001,2753280,,,Domestic Standard,L36
DEMO_EXPRESS,20,4501,5001,4388220,,,Domestic Standard,M36
DEMO_EXPRESS,23,5001,5501,1671210,,,Domestic Standard,J37
DEMO_EXPRESS,22,5001,5501,2481660,,,Domestic Standard,K37
DEMO_EXPRESS,21,5001,5501,2889630,,,Domestic Standard,L37
DEMO_EXPRESS,20,5001,5501,4640040,,,Domestic Standard,M37
DEMO_EXPRESS,23,5501,6001,1802970,,,Domestic Standard,J38
DEMO_EXPRESS,22,5501,6001,2621250,,,Domestic Standard,K38
DEMO_EXPRESS,21,5501,6001,3024450,,,Domestic Standard,L38
DEMO_EXPRESS,20,5501,6001,4889790,,,Domestic Standard,M38
DEMO_EXPRESS,23,6001,6501,1933110,,,Domestic Standard,J39
DEMO_EXPRESS,22,6001,6501,2759850,,,Domestic Standard,K39
DEMO_EXPRESS,21,6001,6501,3161340,,,Domestic Standard,L39
DEMO_EXPRESS,20,6001,6501,5141160,,,Domestic Standard,M39
DEMO_EXPRESS,23,6501,7001,2063520,,,Domestic Standard,J40
DEMO_EXPRESS,22,6501,7001,2897370,,,Domestic Standard,K40
DEMO_EXPRESS,21,6501,7001,3298860,,,Domestic Standard,L40
DEMO_EXPRESS,20,6501,7001,5392170,,,Domestic Standard,M40
DEMO_EXPRESS,23,7001,7501,2194020,,,Domestic Standard,J41
DEMO_EXPRESS,22,7001,7501,3036600,,,Domestic Standard,K41
DEMO_EXPRESS,21,7001,7501,3434760,,,Domestic Standard,L41
DEMO_EXPRESS,20,7001,7501,5643630,,,Domestic Standard,M41
DEMO_EXPRESS,23,7501,8001,2325420,,,Domestic Standard,J42
DEMO_EXPRESS,22,7501,8001,3174930,,,Domestic Standard,K42
DEMO_EXPRESS,21,7501,8001,3570840,,,Domestic Standard,L42
DEMO_EXPRESS,20,7501,8001,5893470,,,Domestic Standard,M42
DEMO_EXPRESS,23,8001,8501,2455920,,,Domestic Standard,J43
DEMO_EXPRESS,22,8001,8501,3313440,,,Domestic Standard,K43
DEMO_EXPRESS,21,8001,8501,3707370,,,Domestic Standard,L43
DEMO_EXPRESS,20,8001,8501,6145110,,,Domestic Standard,M43
DEMO_EXPRESS,23,8501,9001,2586690,,,Domestic Standard,J44
DEMO_EXPRESS,22,8501,9001,3453210,,,Domestic Standard,K44
DEMO_EXPRESS,21,8501,9001,3844080,,,Domestic Standard,L44
DEMO_EXPRESS,20,8501,9001,6395940,,,Domestic Standard,M44
DEMO_EXPRESS,23,9001,9501,2718450,,,Domestic Standard,J45
DEMO_EXPRESS,22,9001,9501,3590550,,,Domestic Standard,K45
DEMO_EXPRESS,21,9001,9501,3978900,,,Domestic Standard,L45
DEMO_EXPRESS,20,9001,9501,6646230,,,Domestic Standard,M45
DEMO_EXPRESS,23,9501,10001,2849310,,,Domestic Standard,J46
DEMO_EXPRESS,22,9501,10001,3729600,,,Domestic Standard,K46
DEMO_EXPRESS,21,9501,10001,4115610,,,Domestic Standard,L46
DEMO_EXPRESS,20,9501,10001,6896970,,,Domestic Standard,M46
DEMO_EXPRESS,23,10001,11001,3110760,,,Domestic Standard,J47
DEMO_EXPRESS,22,10001,11001,4006890,,,Domestic Standard,K47
DEMO_EXPRESS,21,10001,11001,4388220,,,Domestic Standard,L47
DEMO_EXPRESS,20,10001,11001,7400610,,,Domestic Standard,M47
DEMO_EXPRESS,23,11001,12001,3372930,,,Domestic Standard,J48
DEMO_EXPRESS,22,11001,12001,4283010,,,Domestic Standard,K48
DEMO_EXPRESS,21,11001,12001,4660290,,,Domestic Standard,L48
DEMO_EXPRESS,20,11001,12001,7901730,,,Domestic Standard,M48
DEMO_EXPRESS,23,12001,13001,3633750,,,Domestic Standard,J49
DEMO_EXPRESS,22,12001,13001,4561560,,,Domestic Standard,K49
DEMO_EXPRESS,21,12001,13001,4934520,,,Domestic Standard,L49
DEMO_EXPRESS,20,12001,13001,8403840,,,Domestic Standard,M49
DEMO_EXPRESS,23,13001,14001,3895650,,,Domestic Standard,J50
DEMO_EXPRESS,22,13001,14001,4838310,,,Domestic Standard,K50
DEMO_EXPRESS,21,13001,14001,5207310,,,Domestic Standard,L50
DEMO_EXPRESS,20,13001,14001,8906940,,,Domestic Standard,M50
DEMO_EXPRESS,23,14001,15001,4157100,,,Domestic Standard,J51
DEMO_EXPRESS,22,14001,15001,5115240,,,Domestic Standard,K51
DEMO_EXPRESS,21,14001,15001,5479200,,,Domestic Standard,L51
DEMO_EXPRESS,20,14001,15001,9408060,,,Domestic Standard,M51
DEMO_EXPRESS,23,15001,16001,4412970,,,Domestic Standard,J52
DEMO_EXPRESS,22,15001,16001,5386410,,,Domestic Standard,K52
DEMO_EXPRESS,21,15001,16001,5752080,,,Domestic Standard,L52
DEMO_EXPRESS,20,15001,16001,9909540,,,Domestic Standard,M52
DEMO_EXPRESS,23,16001,17001,4668390,,,Domestic Standard,J53
DEMO_EXPRESS,22,16001,17001,5655060,,,Domestic Standard,K53
DEMO_EXPRESS,21,16001,17001,6024780,,,Domestic Standard,L53
DEMO_EXPRESS,20,16001,17001,10411650,,,Domestic Standard,M53
DEMO_EXPRESS,23,17001,18001,4923720,,,Domestic Standard,J54
DEMO_EXPRESS,22,17001,18001,5926230,,,Domestic Standard,K54
DEMO_EXPRESS,21,17001,18001,6296580,,,Domestic Standard,L54
DEMO_EXPRESS,20,17001,18001,10914120,,,Domestic Standard,M54
DEMO_EXPRESS,23,18001,19001,5178960,,,Domestic Standard,J55
DEMO_EXPRESS,22,18001,19001,6196680,,,Domestic Standard,K55
DEMO_EXPRESS,21,18001,19001,6571080,,,Domestic Standard,L55
DEMO_EXPRESS,20,18001,19001,11415600,,,Domestic Standard,M55
DEMO_EXPRESS,23,19001,20001,5434290,,,Domestic Standard,J56
DEMO_EXPRESS,22,19001,20001,6466590,,,Domestic Standard,K56
DEMO_EXPRESS,21,19001,20001,6842790,,,Domestic Standard,L56
DEMO_EXPRESS,20,19001,20001,11917800,,,Domestic Standard,M56
DEMO_EXPRESS,23,20001,21001,6322600,,,Domestic Standard,J57
DEMO_EXPRESS,22,20001,21001,6736770,,,Domestic Standard,K57
DEMO_EXPRESS,21,20001,21001,7109100,,,Domestic Standard,L57
DEMO_EXPRESS,20,20001,21001,12419820,,,Domestic Standard,M57
DEMO_EXPRESS,23,21001,22001,6607100,,,Domestic Standard,J58
DEMO_EXPRESS,22,21001,22001,7007220,,,Domestic Standard,K58
DEMO_EXPRESS,21,21001,22001,7375410,,,Domestic Standard,L58
DEMO_EXPRESS,20,21001,22001,12921390,,,Domestic Standard,M58
DEMO_EXPRESS,23,22001,23001,6889200,,,Domestic Standard,J59
DEMO_EXPRESS,22,22001,23001,7277760,,,Domestic Standard,K59
DEMO_EXPRESS,21,22001,23001,7642800,,,Domestic Standard,L59
DEMO_EXPRESS,20,22001,23001,13423590,,,Domestic Standard,M59
DEMO_EXPRESS,23,23001,24001,7174300,,,Domestic Standard,J60
DEMO_EXPRESS,22,23001,24001,7548120,,,Domestic Standard,K60
DEMO_EXPRESS,21,23001,24001,7908210,,,Domestic Standard,L60
DEMO_EXPRESS,20,23001,24001,13924980,,,Domestic Standard,M60
DEMO_EXPRESS,23,24001,25001,7457500,,,Domestic Standard,J61
DEMO_EXPRESS,22,24001,25001,7817490,,,Domestic Standard,K61
DEMO_EXPRESS,21,24001,25001,8175960,,,Domestic Standard,L61
DEMO_EXPRESS,20,24001,25001,14427000,,,Domestic Standard,M61
DEMO_EXPRESS,23,25001,26001,7742000,,,Domestic Standard,J62
DEMO_EXPRESS,22,25001,26001,8088120,,,Domestic Standard,K62
DEMO_EXPRESS,21,25001,26001,8443800,,,Domestic Standard,L62
DEMO_EXPRESS,20,25001,26001,14929650,,,Domestic Standard,M62
DEMO_EXPRESS,23,26001,27001,8025700,,,Domestic Standard,J63
DEMO_EXPRESS,22,26001,27001,8358390,,,Domestic Standard,K63
DEMO_EXPRESS,21,26001,27001,8710920,,,Domestic Standard,L63
DEMO_EXPRESS,20,26001,27001,15430590,,,Domestic Standard,M63
DEMO_EXPRESS,23,27001,28001,8310100,,,Domestic Standard,J64
DEMO_EXPRESS,22,27001,28001,8628750,,,Domestic Standard,K64
DEMO_EXPRESS,21,27001,28001,8976420,,,Domestic Standard,L64
DEMO_EXPRESS,20,27001,28001,15932790,,,Domestic Standard,M64
DEMO_EXPRESS,23,28001,29001,8593300,,,Domestic Standard,J65
DEMO_EXPRESS,22,28001,29001,8899380,,,Domestic Standard,K65
DEMO_EXPRESS,21,28001,29001,9243270,,,Domestic Standard,L65
DEMO_EXPRESS,20,28001,29001,16434270,,,Domestic Standard,M65
DEMO_EXPRESS,23,29001,30001,8876200,,,Domestic Standard,J66
DEMO_EXPRESS,22,29001,30001,9169920,,,Domestic Standard,K66
DEMO_EXPRESS,21,29001,30001,9510120,,,Domestic Standard,L66
DEMO_EXPRESS,20,29001,30001,16936920,,,Domestic Standard,M66
DEMO_EXPRESS,23,30001,31001,9161000,,,Domestic Standard,J67
DEMO_EXPRESS,22,30001,31001,9439380,,,Domestic Standard,K67
DEMO_EXPRESS,21,30001,31001,9776790,,,Domestic Standard,L67
DEMO_EXPRESS,20,30001,31001,17438760,,,Domestic Standard,M67
DEMO_EXPRESS,23,31001,32001,9444800,,,Domestic Standard,J68
DEMO_EXPRESS,22,31001,32001,9710550,,,Domestic Standard,K68
DEMO_EXPRESS,21,31001,32001,10042740,,,Domestic Standard,L68
DEMO_EXPRESS,20,31001,32001,17940420,,,Domestic Standard,M68
DEMO_EXPRESS,23,32001,33001,9727500,,,Domestic Standard,J69
DEMO_EXPRESS,22,32001,33001,9980550,,,Domestic Standard,K69
DEMO_EXPRESS,21,32001,33001,10310940,,,Domestic Standard,L69
DEMO_EXPRESS,20,32001,33001,18442170,,,Domestic Standard,M69
DEMO_EXPRESS,23,33001,34001,10012700,,,Domestic Standard,J70
DEMO_EXPRESS,22,33001,34001,10251090,,,Domestic Standard,K70
DEMO_EXPRESS,21,33001,34001,10576440,,,Domestic Standard,L70
DEMO_EXPRESS,20,33001,34001,18943560,,,Domestic Standard,M70
DEMO_EXPRESS,23,34001,35001,10296400,,,Domestic Standard,J71
DEMO_EXPRESS,22,34001,35001,10520730,,,Domestic Standard,K71
DEMO_EXPRESS,21,34001,35001,10842570,,,Domestic Standard,L71
DEMO_EXPRESS,20,34001,35001,19445940,,,Domestic Standard,M71
DEMO_EXPRESS,23,35001,40001,11714300,,,Domestic Standard,J72
DEMO_EXPRESS,22,35001,40001,11872080,,,Domestic Standard,K72
DEMO_EXPRESS,21,35001,40001,12174390,,,Domestic Standard,L72
DEMO_EXPRESS,20,35001,40001,21955590,,,Domestic Standard,M72
DEMO_EXPRESS,23,40001,45001,13131600,,,Domestic Standard,J73
DEMO_EXPRESS,22,40001,45001,13221810,,,Domestic Standard,K73
DEMO_EXPRESS,21,40001,45001,13504860,,,Domestic Standard,L73
DEMO_EXPRESS,20,40001,45001,24465690,,,Domestic Standard,M73
DEMO_EXPRESS,23,45001,50001,14549400,,,Domestic Standard,J74
DEMO_EXPRESS,22,45001,50001,14571180,,,Domestic Standard,K74
DEMO_EXPRESS,21,45001,50001,14836950,,,Domestic Standard,L74
DEMO_EXPRESS,20,45001,50001,26974800,,,Domestic Standard,M74
DEMO_EXPRESS,23,50001,55001,15968200,,,Domestic Standard,J75
DEMO_EXPRESS,22,50001,55001,15922170,,,Domestic Standard,K75
DEMO_EXPRESS,21,50001,55001,16166970,,,Domestic Standard,L75
DEMO_EXPRESS,20,50001,55001,29484450,,,Domestic Standard,M75
DEMO_EXPRESS,23,55001,60001,17385800,,,Domestic Standard,J76
DEMO_EXPRESS,22,55001,60001,17272350,,,Domestic Standard,K76
DEMO_EXPRESS,21,55001,60001,17497530,,,Domestic Standard,L76
DEMO_EXPRESS,20,55001,60001,31993650,,,Domestic Standard,M76
DEMO_EXPRESS,23,60001,65001,18803100,,,Domestic Standard,J77
DEMO_EXPRESS,22,60001,65001,18622080,,,Domestic Standard,K77
DEMO_EXPRESS,21,60001,65001,18830070,,,Domestic Standard,L77
DEMO_EXPRESS,20,60001,65001,34503660,,,Domestic Standard,M77
DEMO_EXPRESS,23,65001,70001,20219900,,,Domestic Standard,J78
DEMO_EXPRESS,22,65001,70001,19973520,,,Domestic Standard,K78
DEMO_EXPRESS,21,65001,70001,20160270,,,Domestic Standard,L78
DEMO_EXPRESS,20,65001,70001,37012770,,,Domestic Standard,M78
DEMO_EXPRESS,23,70001,,20219900,1000,288800,Domestic Standard,J81/J80
DEMO_EXPRESS,22,70001,,22192800,1000,285300,Domestic Standard,K81/K80
DEMO_EXPRESS,21,70001,,22400300,1000,288000,Domestic Standard,L81/L80
DEMO_EXPRESS,20,70001,,41125300,1000,528750,Domestic Standard,M81/M80
